datetime,date,hour,CO2,NH3,CH4,id_channel
2025-09-15 18:16:31,2025-09-15,18:16:31,788.976,2.394,32.218,11.0
2025-09-15 18:25:30,2025-09-15,18:25:30,669.613,1.994,24.696,11.0
2025-09-15 18:34:24,2025-09-15,18:34:24,665.788,1.636,20.997,11.0
2025-09-15 18:43:17,2025-09-15,18:43:17,776.024,1.697,35.95,11.0
2025-09-15 18:52:12,2025-09-15,18:52:12,612.665,1.246,15.577,11.0
2025-09-15 19:01:19,2025-09-15,19:01:19,633.815,1.386,13.701,11.0
2025-09-15 19:10:22,2025-09-15,19:10:22,629.99,1.312,14.205,11.0
2025-09-15 19:19:14,2025-09-15,19:19:14,614.468,1.077,12.101,11.0
2025-09-15 19:28:19,2025-09-15,19:28:19,670.378,1.426,15.228,11.0
2025-09-15 19:37:25,2025-09-15,19:37:25,639.554,1.222,12.614,11.0
2025-09-15 19:46:23,2025-09-15,19:46:23,663.601,1.332,13.993,11.0
2025-09-15 19:55:16,2025-09-15,19:55:16,661.415,1.165,14.22,11.0
2025-09-15 20:04:13,2025-09-15,20:04:13,647.424,1.304,10.57,11.0
2025-09-15 20:13:06,2025-09-15,20:13:06,644.527,1.413,11.078,11.0
2025-09-15 20:22:09,2025-09-15,20:22:09,699.727,1.295,15.39,11.0
2025-09-15 20:31:03,2025-09-15,20:31:03,652.889,1.387,12.67,11.0
2025-09-15 20:39:58,2025-09-15,20:39:58,645.238,1.363,13.374,11.0
2025-09-15 20:49:02,2025-09-15,20:49:02,626.601,1.291,13.486,11.0
2025-09-15 20:58:02,2025-09-15,20:58:02,604.084,1.552,12.255,11.0
2025-09-15 21:07:01,2025-09-15,21:07:01,644.09,1.554,10.818,11.0
2025-09-15 21:15:55,2025-09-15,21:15:55,651.414,1.419,13.214,11.0
2025-09-15 21:24:53,2025-09-15,21:24:53,638.898,1.182,9.956,11.0
2025-09-15 21:33:54,2025-09-15,21:33:54,635.291,1.187,11.037,11.0
2025-09-15 21:43:00,2025-09-15,21:43:00,669.504,1.24,9.56,11.0
2025-09-15 21:52:00,2025-09-15,21:52:00,635.291,1.365,9.619,11.0
2025-09-15 22:01:10,2025-09-15,22:01:10,643.38,1.376,8.81,11.0
2025-09-15 22:10:10,2025-09-15,22:10:10,645.784,1.289,8.783,11.0
2025-09-15 22:19:08,2025-09-15,22:19:08,656.715,1.467,10.806,11.0
2025-09-15 22:28:10,2025-09-15,22:28:10,714.976,1.279,11.42,11.0
2025-09-15 22:37:11,2025-09-15,22:37:11,671.472,1.301,11.061,11.0
2025-09-15 22:46:08,2025-09-15,22:46:08,656.66,1.323,11.578,11.0
2025-09-15 22:55:15,2025-09-15,22:55:15,682.894,1.391,12.565,11.0
2025-09-15 23:04:23,2025-09-15,23:04:23,657.863,1.376,12.32,11.0
2025-09-15 23:13:18,2025-09-15,23:13:18,668.903,1.445,12.25,11.0
2025-09-15 23:22:14,2025-09-15,23:22:14,682.02,1.101,12.153,11.0
2025-09-15 23:31:20,2025-09-15,23:31:20,705.63,1.487,20.147,11.0
2025-09-15 23:40:22,2025-09-15,23:40:22,802.64,1.217,17.827,11.0
2025-09-15 23:49:23,2025-09-15,23:49:23,581.895,1.246,6.808,11.0
2025-09-15 23:58:20,2025-09-15,23:58:20,686.064,1.529,12.478,11.0
2025-09-16 00:07:21,2025-09-16,00:07:21,636.603,1.267,11.006,11.0
2025-09-16 00:16:19,2025-09-16,00:16:19,640.374,1.281,8.798,11.0
2025-09-16 00:25:21,2025-09-16,00:25:21,658.573,1.245,10.163,11.0
2025-09-16 00:34:24,2025-09-16,00:34:24,659.557,0.987,11.267,11.0
2025-09-16 00:43:22,2025-09-16,00:43:22,666.99,0.991,15.396,11.0
2025-09-16 00:52:19,2025-09-16,00:52:19,642.123,1.099,8.656,11.0
2025-09-16 01:01:14,2025-09-16,01:01:14,718.637,1.224,18.454,11.0
2025-09-16 01:10:09,2025-09-16,01:10:09,648.408,1.361,9.786,11.0
2025-09-16 01:19:09,2025-09-16,01:19:09,671.034,1.169,10.588,11.0
2025-09-16 01:28:16,2025-09-16,01:28:16,720.714,1.166,12.676,11.0
2025-09-16 01:37:12,2025-09-16,01:37:12,678.139,1.466,16.369,11.0
2025-09-16 01:46:13,2025-09-16,01:46:13,683.933,1.616,14.92,11.0
2025-09-16 01:55:05,2025-09-16,01:55:05,712.844,1.193,15.057,11.0
2025-09-16 02:03:56,2025-09-16,02:03:56,674.805,1.627,15.279,11.0
2025-09-16 02:12:57,2025-09-16,02:12:57,673.111,1.379,10.792,11.0
2025-09-16 02:21:51,2025-09-16,02:21:51,626.601,1.377,7.51,11.0
2025-09-16 02:30:50,2025-09-16,02:30:50,644.965,1.242,9.156,11.0
2025-09-16 02:39:52,2025-09-16,02:39:52,589.819,1.184,7.638,11.0
2025-09-16 02:48:52,2025-09-16,02:48:52,643.598,1.16,6.152,11.0
2025-09-16 02:57:55,2025-09-16,02:57:55,600.04,1.252,6.672,11.0
2025-09-16 03:06:56,2025-09-16,03:06:56,633.815,1.047,9.554,11.0
2025-09-16 03:15:48,2025-09-16,03:15:48,566.045,0.944,4.881,11.0
2025-09-16 03:24:48,2025-09-16,03:24:48,662.399,1.011,9.912,11.0
2025-09-16 03:33:45,2025-09-16,03:33:45,699.345,1.246,13.105,11.0
2025-09-16 03:42:38,2025-09-16,03:42:38,712.953,0.957,8.908,11.0
2025-09-16 03:51:35,2025-09-16,03:51:35,711.369,1.153,10.35,11.0
2025-09-16 04:00:34,2025-09-16,04:00:34,649.665,1.116,8.036,11.0
2025-09-16 04:09:36,2025-09-16,04:09:36,652.234,1.303,8.81,11.0
2025-09-16 04:18:36,2025-09-16,04:18:36,952.171,1.22,42.528,11.0
2025-09-16 04:27:38,2025-09-16,04:27:38,656.879,1.019,8.436,11.0
2025-09-16 04:36:35,2025-09-16,04:36:35,673.931,1.183,8.808,11.0
2025-09-16 04:45:39,2025-09-16,04:45:39,548.72,1.404,3.55,11.0
2025-09-16 04:54:45,2025-09-16,04:54:45,595.175,1.236,4.52,11.0
2025-09-16 05:03:44,2025-09-16,05:03:44,575.883,1.035,3.714,11.0
2025-09-16 05:12:44,2025-09-16,05:12:44,594.301,0.881,6.628,11.0
2025-09-16 05:21:40,2025-09-16,05:21:40,605.778,1.1,5.716,11.0
2025-09-16 05:30:44,2025-09-16,05:30:44,547.299,0.909,4.224,11.0
2025-09-16 05:39:44,2025-09-16,05:39:44,552.874,0.978,2.797,11.0
2025-09-16 05:48:48,2025-09-16,05:48:48,558.503,1.013,4.366,11.0
2025-09-16 05:57:46,2025-09-16,05:57:46,621.682,1.061,6.937,11.0
2025-09-16 06:06:50,2025-09-16,06:06:50,781.981,1.069,23.488,11.0
2025-09-16 06:15:52,2025-09-16,06:15:52,652.015,1.11,7.844,11.0
2025-09-16 06:24:58,2025-09-16,06:24:58,640.538,0.96,8.425,11.0
2025-09-16 06:33:57,2025-09-16,06:33:57,802.804,1.133,15.663,11.0
2025-09-16 06:42:52,2025-09-16,06:42:52,854.506,1.112,20.65,11.0
2025-09-16 06:51:52,2025-09-16,06:51:52,697.159,0.909,11.189,11.0
2025-09-16 07:00:53,2025-09-16,07:00:53,612.501,1.091,6.675,11.0
2025-09-16 07:09:55,2025-09-16,07:09:55,573.369,1.087,5.431,11.0
2025-09-16 07:18:55,2025-09-16,07:18:55,539.041,1.075,3.687,11.0
2025-09-16 07:28:01,2025-09-16,07:28:01,569.707,1.153,5.091,11.0
2025-09-16 07:36:58,2025-09-16,07:36:58,931.895,0.937,34.839,11.0
2025-09-16 07:45:59,2025-09-16,07:45:59,594.52,1.122,7.413,11.0
2025-09-16 07:54:57,2025-09-16,07:54:57,792.911,1.064,15.487,11.0
2025-09-16 08:04:00,2025-09-16,08:04:00,668.411,1.16,12.51,11.0
2025-09-16 08:13:03,2025-09-16,08:13:03,691.693,1.443,12.879,11.0
2025-09-16 08:21:59,2025-09-16,08:21:59,680.653,1.648,12.501,11.0
2025-09-16 08:31:07,2025-09-16,08:31:07,594.246,1.76,8.342,11.0
2025-09-16 08:40:00,2025-09-16,08:40:00,590.858,1.796,8.376,11.0
2025-09-16 08:49:04,2025-09-16,08:49:04,582.55,1.342,7.689,11.0
2025-09-16 08:57:57,2025-09-16,08:57:57,547.682,1.494,7.084,11.0
2025-09-16 09:06:50,2025-09-16,09:06:50,552.928,1.565,7.053,11.0
2025-09-16 09:15:44,2025-09-16,09:15:44,506.358,1.418,4.93,11.0
2025-09-16 09:24:39,2025-09-16,09:24:39,520.579,1.66,5.281,11.0
2025-09-16 09:33:37,2025-09-16,09:33:37,504.063,1.746,4.175,11.0
2025-09-16 09:42:32,2025-09-16,09:42:32,580.638,1.65,8.951,11.0
2025-09-16 09:51:28,2025-09-16,09:51:28,566.537,1.885,8.192,11.0
2025-09-16 10:00:24,2025-09-16,10:00:24,651.304,4.849,109.78,11.0
2025-09-16 10:09:26,2025-09-16,10:09:26,570.09,2.415,22.024,11.0
2025-09-16 10:18:20,2025-09-16,10:18:20,552.436,2.585,20.562,11.0
2025-09-16 10:27:15,2025-09-16,10:27:15,861.119,4.663,81.101,11.0
2025-09-16 10:36:23,2025-09-16,10:36:23,699.345,5.598,100.133,11.0
2025-09-16 10:45:23,2025-09-16,10:45:23,673.931,4.283,74.389,11.0
2025-09-16 10:54:33,2025-09-16,10:54:33,629.115,3.183,39.567,11.0
2025-09-16 11:03:38,2025-09-16,11:03:38,764.382,4.233,79.817,11.0
2025-09-16 11:12:49,2025-09-16,11:12:49,588.617,3.054,38.405,11.0
2025-09-16 11:22:06,2025-09-16,11:22:06,602.882,3.035,40.425,11.0
2025-09-16 11:31:21,2025-09-16,11:31:21,570.964,2.921,43.916,11.0
2025-09-16 11:40:18,2025-09-16,11:40:18,577.741,2.793,36.469,11.0
2025-09-16 11:49:13,2025-09-16,11:49:13,602.226,2.693,31.18,11.0
2025-09-16 11:58:08,2025-09-16,11:58:08,588.125,3.852,57.66,11.0
2025-09-16 12:07:10,2025-09-16,12:07:10,577.796,2.756,35.501,11.0
2025-09-16 12:16:07,2025-09-16,12:16:07,587.797,2.084,23.596,11.0
2025-09-16 12:25:01,2025-09-16,12:25:01,589.273,2.365,33.466,11.0
2025-09-16 12:33:59,2025-09-16,12:33:59,563.914,2.369,30.948,11.0
2025-09-16 12:42:54,2025-09-16,12:42:54,604.904,1.874,27.103,11.0
2025-09-16 12:51:51,2025-09-16,12:51:51,631.629,2.258,31.011,11.0
2025-09-16 13:00:46,2025-09-16,13:00:46,623.705,1.714,21.466,11.0
2025-09-16 13:09:44,2025-09-16,13:09:44,597.689,1.614,19.773,11.0
2025-09-16 13:18:41,2025-09-16,13:18:41,608.784,2.51,19.554,11.0
2025-09-16 13:27:39,2025-09-16,13:27:39,661.197,2.571,22.14,11.0
2025-09-16 13:36:47,2025-09-16,13:36:47,742.193,3.073,42.895,11.0
2025-09-16 13:45:52,2025-09-16,13:45:52,615.998,2.469,27.075,11.0
2025-09-16 13:54:53,2025-09-16,13:54:53,604.794,2.332,25.857,11.0
2025-09-16 14:03:52,2025-09-16,14:03:52,565.116,3.098,42.388,11.0
2025-09-16 14:12:50,2025-09-16,14:12:50,616.709,2.474,27.469,11.0
2025-09-16 14:21:40,2025-09-16,14:21:40,556.754,2.183,23.699,11.0
2025-09-16 14:30:38,2025-09-16,14:30:38,602.718,2.24,28.453,11.0
2025-09-16 14:39:30,2025-09-16,14:39:30,602.554,2.55,35.478,11.0
2025-09-16 14:48:34,2025-09-16,14:48:34,588.89,1.914,15.895,11.0
2025-09-16 14:57:31,2025-09-16,14:57:31,599.493,2.041,23.501,11.0
2025-09-16 15:06:24,2025-09-16,15:06:24,591.514,1.608,15.436,11.0
2025-09-16 15:15:17,2025-09-16,15:15:17,637.259,2.577,39.203,11.0
2025-09-16 15:24:17,2025-09-16,15:24:17,587.524,1.551,12.636,11.0
2025-09-16 15:33:22,2025-09-16,15:33:22,634.854,1.616,16.518,11.0
2025-09-16 15:42:17,2025-09-16,15:42:17,643.544,1.812,21.744,11.0
2025-09-16 15:51:23,2025-09-16,15:51:23,730.934,2.716,45.819,11.0
2025-09-16 16:00:22,2025-09-16,16:00:22,601.297,1.83,14.9,11.0
2025-09-16 16:09:16,2025-09-16,16:09:16,596.487,1.747,14.205,11.0
2025-09-16 16:18:15,2025-09-16,16:18:15,826.742,2.062,37.386,11.0
2025-09-16 16:27:11,2025-09-16,16:27:11,651.523,2.184,30.152,11.0
2025-09-16 16:36:09,2025-09-16,16:36:09,706.723,2.494,38.471,11.0
2025-09-16 16:45:12,2025-09-16,16:45:12,633.597,2.222,28.066,11.0
2025-09-16 16:54:07,2025-09-16,16:54:07,838.875,2.027,31.863,11.0
2025-09-16 17:03:00,2025-09-16,17:03:00,626.82,1.724,15.451,11.0
2025-09-16 17:11:54,2025-09-16,17:11:54,644.254,1.462,19.563,11.0
2025-09-16 17:20:47,2025-09-16,17:20:47,629.224,1.406,19.202,11.0
2025-09-16 17:29:45,2025-09-16,17:29:45,647.971,1.772,17.058,11.0
2025-09-16 17:38:49,2025-09-16,17:38:49,597.252,1.552,13.047,11.0
2025-09-16 17:47:57,2025-09-16,17:47:57,632.886,1.664,19.145,11.0
2025-09-16 17:56:56,2025-09-16,17:56:56,712.953,1.637,27.016,11.0
2025-09-16 18:05:51,2025-09-16,18:05:51,688.742,1.766,23.957,11.0
2025-09-16 18:14:48,2025-09-16,18:14:48,816.904,2.384,44.759,11.0
2025-09-16 18:23:47,2025-09-16,18:23:47,636.002,1.739,19.986,11.0
2025-09-16 18:32:47,2025-09-16,18:32:47,602.991,1.53,16.431,11.0
2025-09-16 18:41:52,2025-09-16,18:41:52,703.826,1.538,27.823,11.0
2025-09-16 18:50:52,2025-09-16,18:50:52,758.698,1.852,36.75,11.0
2025-09-16 18:59:55,2025-09-16,18:59:55,664.476,1.561,20.509,11.0
2025-09-16 19:08:54,2025-09-16,19:08:54,664.476,1.22,18.785,11.0
2025-09-16 19:17:49,2025-09-16,19:17:49,661.962,1.454,18.055,11.0
2025-09-16 19:26:41,2025-09-16,19:26:41,675.68,1.581,18.709,11.0
2025-09-16 19:35:38,2025-09-16,19:35:38,668.411,1.265,19.538,11.0
2025-09-16 19:44:29,2025-09-16,19:44:29,617.638,1.472,14.596,11.0
2025-09-16 19:53:28,2025-09-16,19:53:28,657.48,1.701,26.017,11.0
2025-09-16 20:02:29,2025-09-16,20:02:29,641.685,1.228,18.155,11.0
2025-09-16 20:11:29,2025-09-16,20:11:29,629.334,1.525,18.996,11.0
2025-09-16 20:20:31,2025-09-16,20:20:31,644.691,1.328,17.939,11.0
2025-09-16 20:29:32,2025-09-16,20:29:32,625.945,1.428,19.5,11.0
2025-09-16 20:38:29,2025-09-16,20:38:29,637.095,1.192,15.113,11.0
2025-09-16 20:47:32,2025-09-16,20:47:32,634.908,1.266,14.04,11.0
2025-09-16 20:56:34,2025-09-16,20:56:34,642.615,1.178,12.712,11.0
2025-09-16 21:05:33,2025-09-16,21:05:33,673.986,1.025,13.967,11.0
2025-09-16 21:14:26,2025-09-16,21:14:26,816.03,1.465,27.934,11.0
2025-09-16 21:23:30,2025-09-16,21:23:30,639.445,1.356,13.932,11.0
2025-09-16 21:32:32,2025-09-16,21:32:32,610.314,1.079,10.687,11.0
2025-09-16 21:41:27,2025-09-16,21:41:27,618.95,0.944,10.897,11.0
2025-09-16 21:50:23,2025-09-16,21:50:23,612.173,0.863,10.188,11.0
2025-09-16 21:59:22,2025-09-16,21:59:22,616.381,0.857,8.764,11.0
2025-09-16 22:08:23,2025-09-16,22:08:23,612.774,0.91,8.379,11.0
2025-09-16 22:17:17,2025-09-16,22:17:17,606.926,1.05,8.683,11.0
2025-09-16 22:26:19,2025-09-16,22:26:19,612.992,0.922,10.422,11.0
2025-09-16 22:35:17,2025-09-16,22:35:17,589.546,1.081,9.449,11.0
2025-09-16 22:44:15,2025-09-16,22:44:15,575.282,1.182,9.186,11.0
2025-09-16 22:53:25,2025-09-16,22:53:25,596.87,1.019,6.729,11.0
2025-09-16 23:02:25,2025-09-16,23:02:25,642.888,1.039,9.325,11.0
2025-09-16 23:11:21,2025-09-16,23:11:21,621.136,1.218,8.257,11.0
2025-09-16 23:20:15,2025-09-16,23:20:15,628.35,1.075,10.535,11.0
2025-09-16 23:29:15,2025-09-16,23:29:15,614.687,1.11,9.249,11.0
2025-09-16 23:38:10,2025-09-16,23:38:10,604.958,1.137,7.889,11.0
2025-09-16 23:47:15,2025-09-16,23:47:15,635.291,1.196,13.786,11.0
2025-09-16 23:56:11,2025-09-16,23:56:11,737.11,1.1,13.308,11.0
2025-09-17 00:05:05,2025-09-17,00:05:05,700.493,0.684,11.873,11.0
2025-09-17 00:14:08,2025-09-17,00:14:08,653.381,0.985,10.625,11.0
2025-09-17 00:23:06,2025-09-17,00:23:06,713.719,1.221,17.858,11.0
2025-09-17 00:32:11,2025-09-17,00:32:11,713.063,1.28,15.432,11.0
2025-09-17 00:41:12,2025-09-17,00:41:12,654.693,1.141,12.138,11.0
2025-09-17 00:50:12,2025-09-17,00:50:12,669.777,1.163,15.958,11.0
2025-09-17 00:59:11,2025-09-17,00:59:11,712.407,1.059,22.05,11.0
2025-09-17 01:08:04,2025-09-17,01:08:04,663.492,1.254,14.573,11.0
2025-09-17 01:16:55,2025-09-17,01:16:55,651.96,1.062,11.117,11.0
2025-09-17 01:25:57,2025-09-17,01:25:57,680.325,1.104,15.883,11.0
2025-09-17 01:34:58,2025-09-17,01:34:58,756.676,1.253,21.366,11.0
2025-09-17 01:44:03,2025-09-17,01:44:03,719.184,1.33,21.459,11.0
2025-09-17 01:53:05,2025-09-17,01:53:05,807.012,1.356,22.595,11.0
2025-09-17 02:02:03,2025-09-17,02:02:03,801.765,1.426,20.955,11.0
2025-09-17 02:11:00,2025-09-17,02:11:00,872.323,1.026,20.322,11.0
2025-09-17 02:19:55,2025-09-17,02:19:55,865.436,1.035,22.649,11.0
2025-09-17 02:28:51,2025-09-17,02:28:51,726.453,1.234,15.236,11.0
2025-09-17 02:37:48,2025-09-17,02:37:48,589.819,1.103,8.702,11.0
2025-09-17 02:46:47,2025-09-17,02:46:47,669.231,1.143,11.483,11.0
2025-09-17 02:55:47,2025-09-17,02:55:47,792.638,1.073,19.202,11.0
2025-09-17 03:04:45,2025-09-17,03:04:45,664.093,1.074,14.333,11.0
2025-09-17 03:13:41,2025-09-17,03:13:41,754.545,1.063,23.257,11.0
2025-09-17 03:22:33,2025-09-17,03:22:33,628.186,1.393,16.476,11.0
2025-09-17 03:31:30,2025-09-17,03:31:30,605.341,1.162,9.959,11.0
2025-09-17 03:40:33,2025-09-17,03:40:33,722.572,1.109,29.919,11.0
2025-09-17 03:49:25,2025-09-17,03:49:25,740.608,1.09,33.545,11.0
2025-09-17 03:58:23,2025-09-17,03:58:23,712.188,1.102,15.537,11.0
2025-09-17 04:07:13,2025-09-17,04:07:13,655.731,1.305,24.903,11.0
2025-09-17 04:16:09,2025-09-17,04:16:09,646.878,1.425,19.475,11.0
2025-09-17 04:25:04,2025-09-17,04:25:04,616.982,1.362,8.75,11.0
2025-09-17 04:34:00,2025-09-17,04:34:00,605.396,1.131,7.537,11.0
2025-09-17 04:42:53,2025-09-17,04:42:53,605.068,1.514,8.855,11.0
2025-09-17 04:52:05,2025-09-17,04:52:05,632.285,1.209,6.508,11.0
2025-09-17 05:00:56,2025-09-17,05:00:56,636.548,1.253,8.303,11.0
2025-09-17 05:09:53,2025-09-17,05:09:53,593.263,1.151,5.993,11.0
2025-09-17 05:18:49,2025-09-17,05:18:49,623.158,1.09,8.361,11.0
2025-09-17 05:27:46,2025-09-17,05:27:46,622.174,1.348,7.777,11.0
2025-09-17 05:36:44,2025-09-17,05:36:44,618.075,1.195,7.584,11.0
2025-09-17 05:45:48,2025-09-17,05:45:48,599.384,1.229,7.26,11.0
2025-09-17 05:54:50,2025-09-17,05:54:50,667.755,1.283,14.04,11.0
2025-09-17 06:03:48,2025-09-17,06:03:48,671.854,1.136,11.955,11.0
2025-09-17 06:12:54,2025-09-17,06:12:54,729.459,1.437,16.662,11.0
2025-09-17 06:21:56,2025-09-17,06:21:56,604.029,1.256,8.158,11.0
2025-09-17 06:30:54,2025-09-17,06:30:54,635.51,1.193,8.867,11.0
2025-09-17 06:39:55,2025-09-17,06:39:55,778.702,1.272,19.821,11.0
2025-09-17 06:48:58,2025-09-17,06:48:58,813.406,1.181,18.975,11.0
2025-09-17 06:57:55,2025-09-17,06:57:55,1020.98,1.406,32.522,11.0
2025-09-17 07:07:03,2025-09-17,07:07:03,879.81,1.198,27.842,11.0
2025-09-17 07:15:59,2025-09-17,07:15:59,656.824,1.756,10.955,11.0
2025-09-17 07:24:59,2025-09-17,07:24:59,621.573,1.401,9.961,11.0
2025-09-17 07:33:57,2025-09-17,07:33:57,580.638,1.566,6.854,11.0
2025-09-17 07:42:54,2025-09-17,07:42:54,745.691,1.35,19.307,11.0
2025-09-17 07:51:52,2025-09-17,07:51:52,798.705,1.33,26.385,11.0
2025-09-17 08:00:48,2025-09-17,08:00:48,621.901,1.517,9.267,11.0
2025-09-17 08:09:48,2025-09-17,08:09:48,616.709,1.671,9.776,11.0
2025-09-17 08:18:51,2025-09-17,08:18:51,579.162,1.856,7.47,11.0
2025-09-17 08:27:49,2025-09-17,08:27:49,531.411,1.958,4.181,11.0
2025-09-17 08:36:46,2025-09-17,08:36:46,643.544,1.875,10.407,11.0
2025-09-17 08:45:44,2025-09-17,08:45:44,581.895,1.854,7.682,11.0
2025-09-17 08:54:38,2025-09-17,08:54:38,555.06,2.049,7.278,11.0
2025-09-17 09:03:36,2025-09-17,09:03:36,559.541,1.806,6.521,11.0
2025-09-17 09:12:37,2025-09-17,09:12:37,622.611,2.231,9.329,11.0
2025-09-17 09:21:36,2025-09-17,09:21:36,597.471,2.472,8.405,11.0
2025-09-17 09:30:27,2025-09-17,09:30:27,574.735,2.618,7.907,11.0
2025-09-17 09:39:25,2025-09-17,09:39:25,573.533,2.422,6.378,11.0
2025-09-17 09:48:23,2025-09-17,09:48:23,556.645,3.22,5.816,11.0
2025-09-17 09:57:17,2025-09-17,09:57:17,520.896,2.315,2.82,11.0
2025-09-17 10:06:10,2025-09-17,10:06:10,542.337,1.788,4.329,11.0
2025-09-17 10:15:14,2025-09-17,10:15:14,627.312,3.46,59.401,11.0
2025-09-17 10:24:05,2025-09-17,10:24:05,707.652,3.813,65.592,11.0
2025-09-17 10:33:09,2025-09-17,10:33:09,723.392,3.742,65.346,11.0
2025-09-17 10:42:05,2025-09-17,10:42:05,631.247,3.018,39.22,11.0
2025-09-17 10:51:02,2025-09-17,10:51:02,681.418,3.273,49.309,11.0
2025-09-17 11:00:08,2025-09-17,11:00:08,635.838,4.006,58.175,11.0
2025-09-17 11:09:09,2025-09-17,11:09:09,573.642,3.599,48.341,11.0
2025-09-17 11:18:16,2025-09-17,11:18:16,567.193,3.106,39.591,11.0
2025-09-17 11:27:10,2025-09-17,11:27:10,589.546,2.951,31.345,11.0
2025-09-17 11:36:10,2025-09-17,11:36:10,558.722,3.083,32.912,11.0
2025-09-17 11:45:16,2025-09-17,11:45:16,619.66,3.23,39.869,11.0
2025-09-17 11:54:13,2025-09-17,11:54:13,577.796,3.075,35.688,11.0
2025-09-17 12:03:13,2025-09-17,12:03:13,607.254,2.909,30.003,11.0
2025-09-17 12:12:13,2025-09-17,12:12:13,603.592,3.104,34.158,11.0
2025-09-17 12:21:13,2025-09-17,12:21:13,578.889,2.299,18.626,11.0
2025-09-17 12:30:11,2025-09-17,12:30:11,560.908,2.437,21.024,11.0
2025-09-17 12:39:09,2025-09-17,12:39:09,601.734,2.031,18.882,11.0
2025-09-17 12:48:20,2025-09-17,12:48:20,608.402,2.629,26.169,11.0
2025-09-17 12:57:20,2025-09-17,12:57:20,620.425,2.106,18.743,11.0
2025-09-17 13:06:14,2025-09-17,13:06:14,620.48,2.333,22.876,11.0
2025-09-17 13:15:14,2025-09-17,13:15:14,656.005,2.388,27.47,11.0
2025-09-17 13:24:21,2025-09-17,13:24:21,666.771,2.645,25.863,11.0
2025-09-17 13:33:32,2025-09-17,13:33:32,706.996,2.853,33.899,11.0
2025-09-17 13:42:25,2025-09-17,13:42:25,673.548,3.064,38.758,11.0
2025-09-17 13:51:23,2025-09-17,13:51:23,613.375,2.826,30.825,11.0
2025-09-17 14:00:20,2025-09-17,14:00:20,596.815,1.992,19.916,11.0
2025-09-17 14:09:21,2025-09-17,14:09:21,585.939,1.977,21.031,11.0
2025-09-17 14:18:22,2025-09-17,14:18:22,618.84,2.571,31.434,11.0
2025-09-17 14:27:17,2025-09-17,14:27:17,588.234,1.837,20.043,11.0
2025-09-17 14:36:21,2025-09-17,14:36:21,602.554,1.68,14.023,11.0
2025-09-17 14:45:20,2025-09-17,14:45:20,581.13,1.605,13.291,11.0
2025-09-17 14:54:15,2025-09-17,14:54:15,582.332,1.699,16.177,11.0
2025-09-17 15:03:17,2025-09-17,15:03:17,585.939,1.586,15.661,11.0
2025-09-17 15:12:16,2025-09-17,15:12:16,640.21,1.594,13.312,11.0
2025-09-17 15:21:10,2025-09-17,15:21:10,591.896,1.631,10.737,11.0
2025-09-17 15:30:05,2025-09-17,15:30:05,607.418,1.944,20.971,11.0
2025-09-17 15:39:04,2025-09-17,15:39:04,661.033,1.706,13.888,11.0
2025-09-17 15:48:00,2025-09-17,15:48:00,683.55,1.997,20.596,11.0
2025-09-17 15:57:02,2025-09-17,15:57:02,693.661,1.875,21.729,11.0
2025-09-17 16:06:00,2025-09-17,16:06:00,715.14,2,24.363,11.0
2025-09-17 16:15:02,2025-09-17,16:15:02,667.373,2.186,23.026,11.0
2025-09-17 16:23:59,2025-09-17,16:23:59,720.004,2.705,37.769,11.0
2025-09-17 16:32:59,2025-09-17,16:32:59,605.56,2.17,18.721,11.0
2025-09-17 16:41:54,2025-09-17,16:41:54,608.347,2.064,20.156,11.0
2025-09-17 16:50:50,2025-09-17,16:50:50,600.258,1.542,13.053,11.0
2025-09-17 16:59:43,2025-09-17,16:59:43,586.54,1.73,13.762,11.0
2025-09-17 17:08:44,2025-09-17,17:08:44,591.131,1.503,11.436,11.0
2025-09-17 17:17:51,2025-09-17,17:17:51,729.896,2.003,22.402,11.0
2025-09-17 17:26:49,2025-09-17,17:26:49,664.913,1.951,13.864,11.0
2025-09-17 17:35:49,2025-09-17,17:35:49,715.85,1.929,21.3,11.0
2025-09-17 17:44:44,2025-09-17,17:44:44,665.733,2.108,12.231,11.0
2025-09-17 17:53:39,2025-09-17,17:53:39,741.155,2.003,21.064,11.0
2025-09-17 18:02:35,2025-09-17,18:02:35,625.945,2.029,12.005,11.0
2025-09-17 18:11:28,2025-09-17,18:11:28,700.766,2.039,19.307,11.0
2025-09-17 18:20:27,2025-09-17,18:20:27,724.813,2.233,25.137,11.0
2025-09-17 18:29:29,2025-09-17,18:29:29,761.868,2.144,30.858,11.0
2025-09-17 18:38:31,2025-09-17,18:38:31,1101.758,2.302,50.223,11.0
2025-09-17 18:47:36,2025-09-17,18:47:36,683.987,1.755,20.351,11.0
2025-09-17 18:56:45,2025-09-17,18:56:45,638.953,1.586,19.286,11.0
2025-09-17 19:05:39,2025-09-17,19:05:39,798.049,2.088,30.748,11.0
2025-09-17 19:14:35,2025-09-17,19:14:35,877.788,2.623,41.911,11.0
2025-09-17 19:23:31,2025-09-17,19:23:31,676.062,2.009,18.181,11.0
2025-09-17 19:32:35,2025-09-17,19:32:35,687.977,2.096,19.073,11.0
2025-09-17 19:41:32,2025-09-17,19:41:32,765.311,2.051,26.917,11.0
2025-09-17 19:50:30,2025-09-17,19:50:30,759.136,2.356,29.859,11.0
2025-09-17 19:59:26,2025-09-17,19:59:26,649.337,2.329,19.056,11.0
2025-09-17 20:08:22,2025-09-17,20:08:22,643.981,2.078,18.128,11.0
2025-09-17 20:17:22,2025-09-17,20:17:22,732.465,1.847,22.973,11.0
2025-09-17 20:26:28,2025-09-17,20:26:28,683.386,2.102,19.34,11.0
2025-09-17 20:35:23,2025-09-17,20:35:23,647.916,2.351,21.235,11.0
2025-09-17 20:44:25,2025-09-17,20:44:25,658.355,2.086,17.299,11.0
2025-09-17 20:53:28,2025-09-17,20:53:28,607.418,1.894,12.829,11.0
2025-09-17 21:02:22,2025-09-17,21:02:22,602.936,1.819,11.491,11.0
2025-09-17 21:11:19,2025-09-17,21:11:19,616.108,2.016,12.097,11.0
2025-09-17 21:20:15,2025-09-17,21:20:15,597.635,1.488,9.994,11.0
2025-09-17 21:29:16,2025-09-17,21:29:16,637.532,1.874,14.258,11.0
2025-09-17 21:38:13,2025-09-17,21:38:13,642.068,1.611,16.045,11.0
2025-09-17 21:47:06,2025-09-17,21:47:06,625.453,1.612,9.62,11.0
2025-09-17 21:55:59,2025-09-17,21:55:59,640.592,1.847,11.891,11.0
2025-09-17 22:05:00,2025-09-17,22:05:00,639.117,1.777,10.768,11.0
2025-09-17 22:14:00,2025-09-17,22:14:00,640.319,1.791,13.733,11.0
2025-09-17 22:22:54,2025-09-17,22:22:54,631.739,1.738,11.829,11.0
2025-09-17 22:31:49,2025-09-17,22:31:49,604.63,1.613,10.201,11.0
2025-09-17 22:40:41,2025-09-17,22:40:41,584.026,1.573,10.003,11.0
2025-09-17 22:49:40,2025-09-17,22:49:40,608.784,1.538,8.193,11.0
2025-09-17 22:58:45,2025-09-17,22:58:45,619.059,1.608,9.755,11.0
2025-09-17 23:07:42,2025-09-17,23:07:42,625.399,1.451,9.417,11.0
2025-09-17 23:16:44,2025-09-17,23:16:44,648.244,1.503,12.514,11.0
2025-09-17 23:25:41,2025-09-17,23:25:41,603.046,1.667,8.342,11.0
2025-09-17 23:34:42,2025-09-17,23:34:42,617.638,1.569,9.25,11.0
2025-09-17 23:43:42,2025-09-17,23:43:42,658.519,1.669,17.461,11.0
2025-09-17 23:52:42,2025-09-17,23:52:42,611.735,1.337,10.302,11.0
2025-09-18 00:01:44,2025-09-18,00:01:44,662.891,1.519,16.129,11.0
2025-09-18 00:10:46,2025-09-18,00:10:46,681.801,1.499,17.363,11.0
2025-09-18 00:19:43,2025-09-18,00:19:43,822.807,1.367,13.489,11.0
2025-09-18 00:28:35,2025-09-18,00:28:35,597.362,1.492,10.967,11.0
2025-09-18 00:37:32,2025-09-18,00:37:32,612.61,1.323,8.429,11.0
2025-09-18 00:46:35,2025-09-18,00:46:35,588.398,1.557,7.722,11.0
2025-09-18 00:55:29,2025-09-18,00:55:29,575.063,1.479,8.926,11.0
2025-09-18 01:04:27,2025-09-18,01:04:27,677.593,1.373,12.468,11.0
2025-09-18 01:13:26,2025-09-18,01:13:26,813.352,1.47,18.502,11.0
2025-09-18 01:22:25,2025-09-18,01:22:25,621.682,1.381,8.191,11.0
2025-09-18 01:31:21,2025-09-18,01:31:21,650.102,1.473,10.824,11.0
2025-09-18 01:40:20,2025-09-18,01:40:20,598.673,1.162,7.094,11.0
2025-09-18 01:49:19,2025-09-18,01:49:19,789.195,1.453,22.202,11.0
2025-09-18 01:58:18,2025-09-18,01:58:18,794.988,1.561,18.173,11.0
2025-09-18 02:07:23,2025-09-18,02:07:23,675.571,1.722,16.332,11.0
2025-09-18 02:16:21,2025-09-18,02:16:21,932.879,1.737,33.974,11.0
2025-09-18 02:25:20,2025-09-18,02:25:20,705.958,1.561,18.133,11.0
2025-09-18 02:34:16,2025-09-18,02:34:16,769.246,1.558,24.516,11.0
2025-09-18 02:43:12,2025-09-18,02:43:12,585.994,1.319,8.502,11.0
2025-09-18 02:52:06,2025-09-18,02:52:06,573.369,1.258,5.529,11.0
2025-09-18 03:01:02,2025-09-18,03:01:02,615.998,1.5,9.659,11.0
2025-09-18 03:09:57,2025-09-18,03:09:57,614.851,1.407,8.958,11.0
2025-09-18 03:18:50,2025-09-18,03:18:50,614.632,1.464,8.381,11.0
2025-09-18 03:27:48,2025-09-18,03:27:48,564.242,1.482,5.066,11.0
2025-09-18 03:36:53,2025-09-18,03:36:53,568.067,1.45,4.587,11.0
2025-09-18 03:45:52,2025-09-18,03:45:52,558.995,1.288,4.461,11.0
2025-09-18 03:54:48,2025-09-18,03:54:48,545.107,1.192,4.82,11.0
2025-09-18 04:03:52,2025-09-18,04:03:52,555.825,1.015,4.702,11.0
2025-09-18 04:12:53,2025-09-18,04:12:53,567.029,1.174,4.422,11.0
2025-09-18 04:21:53,2025-09-18,04:21:53,563.094,0.968,4.821,11.0
2025-09-18 04:30:54,2025-09-18,04:30:54,577.577,1.06,4.832,11.0
2025-09-18 04:39:51,2025-09-18,04:39:51,568.669,1.11,4.774,11.0
2025-09-18 04:48:53,2025-09-18,04:48:53,611.79,1.136,6.39,11.0
2025-09-18 04:57:48,2025-09-18,04:57:48,588.234,0.938,6.151,11.0
2025-09-18 05:06:57,2025-09-18,05:06:57,597.689,0.98,6.572,11.0
2025-09-18 05:15:53,2025-09-18,05:15:53,581.075,1.058,5.761,11.0
2025-09-18 05:24:47,2025-09-18,05:24:47,595.121,0.945,6.228,11.0
2025-09-18 05:33:46,2025-09-18,05:33:46,585.174,1.034,5.211,11.0
2025-09-18 05:42:50,2025-09-18,05:42:50,637.423,1.17,7.279,11.0
2025-09-18 05:51:45,2025-09-18,05:51:45,601.679,1.02,5.982,11.0
2025-09-18 06:00:45,2025-09-18,06:00:45,597.088,1,5.758,11.0
2025-09-18 06:09:41,2025-09-18,06:09:41,629.662,1.243,8.395,11.0
2025-09-18 06:18:40,2025-09-18,06:18:40,591.24,1.249,5.636,11.0
2025-09-18 06:27:35,2025-09-18,06:27:35,591.404,1.227,5.954,11.0
2025-09-18 06:36:38,2025-09-18,06:36:38,660.268,1.139,8.404,11.0
2025-09-18 06:45:31,2025-09-18,06:45:31,685.299,1.191,11.42,11.0
2025-09-18 06:54:30,2025-09-18,06:54:30,699.563,1.169,13.837,11.0
2025-09-18 07:03:26,2025-09-18,07:03:26,1010.651,1.377,36.84,11.0
2025-09-18 07:12:28,2025-09-18,07:12:28,568.942,0.999,6.477,11.0
2025-09-18 07:21:29,2025-09-18,07:21:29,551.507,1.27,6.186,11.0
2025-09-18 07:30:24,2025-09-18,07:30:24,540.653,1.208,6.4,11.0
2025-09-18 07:39:15,2025-09-18,07:39:15,560.471,1.257,6.875,11.0
2025-09-18 07:48:09,2025-09-18,07:48:09,568.45,1.471,7.443,11.0
2025-09-18 07:57:02,2025-09-18,07:57:02,575.446,1.323,8.404,11.0
2025-09-18 08:06:02,2025-09-18,08:06:02,595.394,1.637,10.217,11.0
2025-09-18 08:15:04,2025-09-18,08:15:04,559.76,1.859,8.29,11.0
2025-09-18 08:24:11,2025-09-18,08:24:11,601.406,1.903,10.068,11.0
2025-09-18 08:33:10,2025-09-18,08:33:10,591.076,2.176,8.845,11.0
2025-09-18 08:42:15,2025-09-18,08:42:15,751.921,2.271,18.17,11.0
2025-09-18 08:51:16,2025-09-18,08:51:16,717.216,2.09,21.502,11.0
2025-09-18 09:00:13,2025-09-18,09:00:13,552.273,2.146,6.626,11.0
2025-09-18 09:09:19,2025-09-18,09:09:19,562.602,2.248,7.198,11.0
2025-09-18 09:18:15,2025-09-18,09:18:15,536.696,2.389,5.444,11.0
2025-09-18 09:27:14,2025-09-18,09:27:14,544.075,2.123,5.932,11.0
2025-09-18 09:36:14,2025-09-18,09:36:14,553.857,2.378,5.571,11.0
2025-09-18 09:45:15,2025-09-18,09:45:15,646.276,2.453,12.352,11.0
2025-09-18 09:54:13,2025-09-18,09:54:13,644.691,2.122,10.952,11.0
2025-09-18 10:03:12,2025-09-18,10:03:12,634.471,4.811,74.221,11.0
2025-09-18 10:12:12,2025-09-18,10:12:12,613.32,3.699,41.571,11.0
2025-09-18 10:21:04,2025-09-18,10:21:04,654.365,4.319,62.677,11.0
2025-09-18 10:30:03,2025-09-18,10:30:03,1130.943,6.995,166.541,11.0
2025-09-18 10:39:00,2025-09-18,10:39:00,1119.411,8.07,192.364,11.0
2025-09-18 10:47:55,2025-09-18,10:47:55,608.893,3.129,32.172,11.0
2025-09-18 10:56:52,2025-09-18,10:56:52,599.165,3.51,41.293,11.0
2025-09-18 11:05:56,2025-09-18,11:05:56,599.985,3.673,49.604,11.0
2025-09-18 11:24:23,2025-09-18,11:24:23,592.443,3.834,40.716,11.0
2025-09-18 11:33:28,2025-09-18,11:33:28,623.486,2.934,41.266,11.0
2025-09-18 11:42:30,2025-09-18,11:42:30,604.139,3.118,43.922,11.0
2025-09-18 11:51:26,2025-09-18,11:51:26,619.933,3.57,52.222,11.0
2025-09-18 12:00:25,2025-09-18,12:00:25,631.192,3.315,39.941,11.0
2025-09-18 12:09:27,2025-09-18,12:09:27,644.309,3.568,54.791,11.0
2025-09-18 12:18:21,2025-09-18,12:18:21,584.573,2.939,39.386,11.0
2025-09-18 12:27:22,2025-09-18,12:27:22,609.768,3.319,42.955,11.0
2025-09-18 12:36:19,2025-09-18,12:36:19,639.499,3.168,44.513,11.0
2025-09-18 13:05:11,2025-09-18,13:05:11,629.935,3.206,29.43,11.0
2025-09-18 13:14:10,2025-09-18,13:14:10,574.352,2.495,26.34,11.0
2025-09-18 13:23:03,2025-09-18,13:23:03,565.608,2.05,25.097,11.0
2025-09-18 13:32:00,2025-09-18,13:32:00,603.1,2.08,27.058,11.0
2025-09-18 13:40:57,2025-09-18,13:40:57,674.805,2.561,37.997,11.0
2025-09-18 13:49:56,2025-09-18,13:49:56,591.568,3.046,40.071,11.0
2025-09-18 13:58:53,2025-09-18,13:58:53,564.515,2.673,34.185,11.0
2025-09-18 14:07:51,2025-09-18,14:07:51,582.387,3.267,47.28,11.0
2025-09-18 14:16:51,2025-09-18,14:16:51,552.218,3.037,38.954,11.0
2025-09-18 14:25:46,2025-09-18,14:25:46,575.118,2.88,38.863,11.0
2025-09-18 14:34:51,2025-09-18,14:34:51,545.588,3.3,46.917,11.0
2025-09-18 14:43:45,2025-09-18,14:43:45,538.691,2.586,30.303,11.0
2025-09-18 14:52:45,2025-09-18,14:52:45,580.31,2.19,24.536,11.0
2025-09-18 15:01:40,2025-09-18,15:01:40,643.653,2.16,26.863,11.0
2025-09-18 15:10:36,2025-09-18,15:10:36,628.022,2.385,32.453,11.0
2025-09-18 15:19:33,2025-09-18,15:19:33,544.096,1.77,20.378,11.0
2025-09-18 15:28:29,2025-09-18,15:28:29,584.955,2.48,34.34,11.0
2025-09-18 15:37:30,2025-09-18,15:37:30,592.716,1.901,22.562,11.0
2025-09-18 15:46:29,2025-09-18,15:46:29,793.786,2.042,36.693,11.0
2025-09-18 15:55:32,2025-09-18,15:55:32,680.763,1.973,28.165,11.0
2025-09-18 16:04:32,2025-09-18,16:04:32,732.902,2.103,32.008,11.0
2025-09-18 16:13:32,2025-09-18,16:13:32,757.879,2.041,33.836,11.0
2025-09-18 16:22:31,2025-09-18,16:22:31,878.827,3.329,60.245,11.0
2025-09-18 16:31:29,2025-09-18,16:31:29,850.188,3.276,58.13,11.0
2025-09-18 16:40:30,2025-09-18,16:40:30,719.239,2.811,42.453,11.0
2025-09-18 16:49:32,2025-09-18,16:49:32,658.683,2.55,34.299,11.0
2025-09-18 16:58:35,2025-09-18,16:58:35,682.894,2.548,35.282,11.0
2025-09-18 17:07:35,2025-09-18,17:07:35,700.383,2.405,36.669,11.0
2025-09-18 17:16:38,2025-09-18,17:16:38,575.446,1.822,21.228,11.0
2025-09-18 17:25:40,2025-09-18,17:25:40,655.403,2.207,30.841,11.0
2025-09-18 17:34:38,2025-09-18,17:34:38,733.121,2.07,31.219,11.0
2025-09-18 17:43:39,2025-09-18,17:43:39,778.756,2.184,35.126,11.0
2025-09-18 17:52:42,2025-09-18,17:52:42,786.353,2.668,38.948,11.0
2025-09-18 18:01:42,2025-09-18,18:01:42,689.07,2.641,31.488,11.0
2025-09-18 18:10:42,2025-09-18,18:10:42,856.692,2.211,58.267,11.0
2025-09-18 18:19:42,2025-09-18,18:19:42,639.773,2.059,20.393,11.0
2025-09-18 18:28:37,2025-09-18,18:28:37,678.03,1.926,24.068,11.0
2025-09-18 18:37:41,2025-09-18,18:37:41,575.664,1.694,14.88,11.0
2025-09-18 18:46:47,2025-09-18,18:46:47,642.942,1.873,21.582,11.0
2025-09-18 18:55:47,2025-09-18,18:55:47,598.127,1.983,16.735,11.0
2025-09-18 19:04:55,2025-09-18,19:04:55,787.774,2.241,34.499,11.0
2025-09-18 19:13:48,2025-09-18,19:13:48,663.274,1.769,20.602,11.0
2025-09-18 19:22:50,2025-09-18,19:22:50,635.728,1.949,17.062,11.0
2025-09-18 19:31:50,2025-09-18,19:31:50,645.074,1.782,20.06,11.0
2025-09-18 19:40:45,2025-09-18,19:40:45,654.802,1.606,17.064,11.0
2025-09-18 19:49:49,2025-09-18,19:49:49,630.591,1.868,15.646,11.0
2025-09-18 19:58:55,2025-09-18,19:58:55,658.901,1.709,15.102,11.0
2025-09-18 20:07:55,2025-09-18,20:07:55,641.522,1.624,13.564,11.0
2025-09-18 20:16:58,2025-09-18,20:16:58,596.596,1.55,11.532,11.0
2025-09-18 20:25:56,2025-09-18,20:25:56,605.997,1.708,13.73,11.0
2025-09-18 20:35:02,2025-09-18,20:35:02,597.58,1.837,11.987,11.0
2025-09-18 20:43:54,2025-09-18,20:43:54,609.877,1.475,13.268,11.0
2025-09-18 20:52:55,2025-09-18,20:52:55,604.849,1.391,13.022,11.0
2025-09-18 21:01:57,2025-09-18,21:01:57,658.136,1.522,14.621,11.0
2025-09-18 21:10:56,2025-09-18,21:10:56,661.361,1.693,18.999,11.0
2025-09-18 21:20:00,2025-09-18,21:20:00,638.078,1.766,13.284,11.0
2025-09-18 21:29:04,2025-09-18,21:29:04,663.438,1.527,15.849,11.0
2025-09-18 21:38:04,2025-09-18,21:38:04,672.182,1.863,20.336,11.0
2025-09-18 21:47:06,2025-09-18,21:47:06,681.965,1.642,19.011,11.0
2025-09-18 21:56:01,2025-09-18,21:56:01,667.209,1.325,15.852,11.0
2025-09-18 22:05:00,2025-09-18,22:05:00,699.017,1.471,16.738,11.0
2025-09-18 22:13:59,2025-09-18,22:13:59,711.478,1.47,19.104,11.0
2025-09-18 22:22:59,2025-09-18,22:22:59,735.088,1.765,22.035,11.0
2025-09-18 22:31:54,2025-09-18,22:31:54,717.927,1.877,20.361,11.0
2025-09-18 22:40:50,2025-09-18,22:40:50,651.742,1.692,13.086,11.0
2025-09-18 22:49:47,2025-09-18,22:49:47,580.802,1.657,10.328,11.0
2025-09-18 22:58:46,2025-09-18,22:58:46,620.207,1.429,11.209,11.0
2025-09-18 23:07:44,2025-09-18,23:07:44,634.471,1.537,12.356,11.0
2025-09-18 23:16:46,2025-09-18,23:16:46,661.743,1.609,12.454,11.0
2025-09-18 23:25:39,2025-09-18,23:25:39,666.498,1.67,12.652,11.0
2025-09-18 23:34:33,2025-09-18,23:34:33,658.191,1.764,13.239,11.0
2025-09-18 23:43:30,2025-09-18,23:43:30,680.872,1.485,13.972,11.0
2025-09-18 23:52:23,2025-09-18,23:52:23,696.612,1.913,14.207,11.0
2025-09-19 00:01:21,2025-09-19,00:01:21,660.104,1.99,13.793,11.0
2025-09-19 00:10:18,2025-09-19,00:10:18,665.132,1.757,19.16,11.0
2025-09-19 00:19:11,2025-09-19,00:19:11,776.57,1.499,23.414,11.0
2025-09-19 00:28:08,2025-09-19,00:28:08,758.152,1.746,24.045,11.0
2025-09-19 00:37:09,2025-09-19,00:37:09,698.416,1.547,17.654,11.0
2025-09-19 00:46:11,2025-09-19,00:46:11,665.733,1.659,17.68,11.0
2025-09-19 00:55:10,2025-09-19,00:55:10,721.862,1.622,18.02,11.0
2025-09-19 01:04:11,2025-09-19,01:04:11,658.136,1.405,14.232,11.0
2025-09-19 01:13:12,2025-09-19,01:13:12,616.764,1.579,14.313,11.0
2025-09-19 01:22:09,2025-09-19,01:22:09,605.887,1.073,12.513,11.0
2025-09-19 01:31:14,2025-09-19,01:31:14,597.799,1.299,8.748,11.0
2025-09-19 01:40:17,2025-09-19,01:40:17,605.396,1.392,8.63,11.0
2025-09-19 01:49:12,2025-09-19,01:49:12,657.59,1.379,15.176,11.0
2025-09-19 01:58:11,2025-09-19,01:58:11,655.24,1.33,17.347,11.0
2025-09-19 02:07:08,2025-09-19,02:07:08,749.735,1.48,22.182,11.0
2025-09-19 02:16:04,2025-09-19,02:16:04,628.842,1.14,13.811,11.0
2025-09-19 02:24:59,2025-09-19,02:24:59,628.951,1.189,12.168,11.0
2025-09-19 02:34:01,2025-09-19,02:34:01,647.041,1.137,13.948,11.0
2025-09-19 02:43:03,2025-09-19,02:43:03,620.589,0.942,9.114,11.0
2025-09-19 02:52:01,2025-09-19,02:52:01,740.717,1.299,19.304,11.0
2025-09-19 03:00:54,2025-09-19,03:00:54,664.695,1.358,14.815,11.0
2025-09-19 03:10:00,2025-09-19,03:10:00,667.318,1.3,14.151,11.0
2025-09-19 03:19:01,2025-09-19,03:19:01,636.165,1.226,11.181,11.0
2025-09-19 03:27:54,2025-09-19,03:27:54,609.167,1.08,9.352,11.0
2025-09-19 03:36:56,2025-09-19,03:36:56,667.646,1.477,14.412,11.0
2025-09-19 03:45:50,2025-09-19,03:45:50,646.604,1.272,11.244,11.0
2025-09-19 03:54:51,2025-09-19,03:54:51,619.988,0.931,8.444,11.0
2025-09-19 04:03:49,2025-09-19,04:03:49,610.15,0.957,7.361,11.0
2025-09-19 04:12:46,2025-09-19,04:12:46,637.696,1.013,7.881,11.0
2025-09-19 04:21:42,2025-09-19,04:21:42,567.575,1.124,5.988,11.0
2025-09-19 04:30:39,2025-09-19,04:30:39,579.763,1.081,6.514,11.0
2025-09-19 04:39:38,2025-09-19,04:39:38,589.765,1.191,7.831,11.0
2025-09-19 04:48:33,2025-09-19,04:48:33,605.177,1.04,8.964,11.0
2025-09-19 04:57:27,2025-09-19,04:57:27,626.601,0.838,8.676,11.0
2025-09-19 05:06:23,2025-09-19,05:06:23,605.997,1.234,7.674,11.0
2025-09-19 05:15:28,2025-09-19,05:15:28,587.961,1.395,7.329,11.0
2025-09-19 05:24:27,2025-09-19,05:24:27,602.39,1.04,7.657,11.0
2025-09-19 05:33:32,2025-09-19,05:33:32,648.299,0.955,10.22,11.0
2025-09-19 05:42:36,2025-09-19,05:42:36,658.956,1.272,11.49,11.0
2025-09-19 05:51:35,2025-09-19,05:51:35,706.013,1.212,14.473,11.0
2025-09-19 06:00:35,2025-09-19,06:00:35,621.846,1.409,10.441,11.0
2025-09-19 06:09:35,2025-09-19,06:09:35,662.618,1.297,12.658,11.0
2025-09-19 06:18:36,2025-09-19,06:18:36,670.324,1.3,12.41,11.0
2025-09-19 06:27:33,2025-09-19,06:27:33,641.467,1.49,9.256,11.0
2025-09-19 06:36:34,2025-09-19,06:36:34,686.829,1.679,12.496,11.0
2025-09-19 06:45:31,2025-09-19,06:45:31,720.496,1.476,16.176,11.0
2025-09-19 06:54:25,2025-09-19,06:54:25,779.467,1.355,17.311,11.0
2025-09-19 07:03:19,2025-09-19,07:03:19,742.029,1.246,13.278,11.0
2025-09-19 07:12:17,2025-09-19,07:12:17,714.538,1.514,12.405,11.0
2025-09-19 07:21:11,2025-09-19,07:21:11,603.264,1.139,6.827,11.0
2025-09-19 07:30:10,2025-09-19,07:30:10,564.843,1.063,4.652,11.0
2025-09-19 07:39:14,2025-09-19,07:39:14,571.729,1.102,4.391,11.0
2025-09-19 07:48:12,2025-09-19,07:48:12,621.573,1.199,8.352,11.0
2025-09-19 07:57:04,2025-09-19,07:57:04,611.571,1.549,7.501,11.0
2025-09-19 08:05:58,2025-09-19,08:05:58,750.391,1.411,17.27,11.0
2025-09-19 08:14:58,2025-09-19,08:14:58,698.908,1.392,12.746,11.0
2025-09-19 08:23:56,2025-09-19,08:23:56,814.937,1.494,22.838,11.0
2025-09-19 08:32:58,2025-09-19,08:32:58,710.494,1.617,15.559,11.0
2025-09-19 08:41:56,2025-09-19,08:41:56,646.932,1.823,10.816,11.0
2025-09-19 08:50:50,2025-09-19,08:50:50,725.414,1.704,19.586,11.0
2025-09-19 08:59:44,2025-09-19,08:59:44,652.452,1.633,12.897,11.0
2025-09-19 09:08:41,2025-09-19,09:08:41,660.486,1.7,14.017,11.0
2025-09-19 09:17:39,2025-09-19,09:17:39,540.817,1.88,6.533,11.0
2025-09-19 09:26:36,2025-09-19,09:26:36,551.781,1.838,6.304,11.0
2025-09-19 09:35:32,2025-09-19,09:35:32,586.65,1.695,6.225,11.0
2025-09-19 09:44:29,2025-09-19,09:44:29,602.007,1.496,7.642,11.0
2025-09-19 09:53:35,2025-09-19,09:53:35,686.775,5.009,112.026,11.0
2025-09-19 10:02:49,2025-09-19,10:02:49,652.179,4.78,96.287,11.0
2025-09-19 10:11:58,2025-09-19,10:11:58,584.573,2.652,33.164,11.0
2025-09-19 10:21:09,2025-09-19,10:21:09,556.044,2.648,30.119,11.0
2025-09-19 10:30:24,2025-09-19,10:30:24,729.076,4.623,89.095,11.0
2025-09-19 10:39:34,2025-09-19,10:39:34,647.643,3.883,67.749,11.0
2025-09-19 10:48:34,2025-09-19,10:48:34,576.32,3.083,37.132,11.0
2025-09-19 10:57:28,2025-09-19,10:57:28,648.954,3.709,61.383,11.0
2025-09-19 11:06:20,2025-09-19,11:06:20,685.408,4.179,72.199,11.0
2025-09-19 11:15:18,2025-09-19,11:15:18,553.092,3.385,45.02,11.0
2025-09-19 11:24:12,2025-09-19,11:24:12,558.558,2.823,35.445,11.0
2025-09-19 11:33:17,2025-09-19,11:33:17,533.16,2.692,29.937,11.0
2025-09-19 11:42:26,2025-09-19,11:42:26,554.404,2.569,34.848,11.0
2025-09-19 11:51:25,2025-09-19,11:51:25,570.472,2.026,20.166,11.0
2025-09-19 12:00:20,2025-09-19,12:00:20,612.446,2.593,29.54,11.0
2025-09-19 12:09:20,2025-09-19,12:09:20,574.735,2.653,24.963,11.0
2025-09-19 12:18:20,2025-09-19,12:18:20,577.522,2.806,33.841,11.0
2025-09-19 12:27:13,2025-09-19,12:27:13,583.644,2.769,27.043,11.0
2025-09-19 12:36:10,2025-09-19,12:36:10,574.899,2.295,18.846,11.0
2025-09-19 12:45:15,2025-09-19,12:45:15,605.997,2.679,29.913,11.0
2025-09-19 12:54:08,2025-09-19,12:54:08,572.057,3.655,48.817,11.0
2025-09-19 13:03:01,2025-09-19,13:03:01,703.28,3.46,54.852,11.0
2025-09-19 13:11:57,2025-09-19,13:11:57,665.569,2.84,43.381,11.0
2025-09-19 13:21:00,2025-09-19,13:21:00,681.473,2.325,34.039,11.0
2025-09-19 13:30:04,2025-09-19,13:30:04,661.306,2.399,32.665,11.0
2025-09-19 13:39:09,2025-09-19,13:39:09,658.792,2.874,45.582,11.0
2025-09-19 13:48:15,2025-09-19,13:48:15,573.533,3.182,41.545,11.0
2025-09-19 13:57:13,2025-09-19,13:57:13,559.869,2.64,29.574,11.0
2025-09-19 14:06:13,2025-09-19,14:06:13,547.463,2.462,31.542,11.0
2025-09-19 14:15:12,2025-09-19,14:15:12,569.816,2.418,29.015,11.0
2025-09-19 14:24:13,2025-09-19,14:24:13,560.197,2.315,28.109,11.0
2025-09-19 14:33:11,2025-09-19,14:33:11,636.493,2.502,35.535,11.0
2025-09-19 14:42:07,2025-09-19,14:42:07,600.641,3.317,48.991,11.0
2025-09-19 14:51:11,2025-09-19,14:51:11,641.303,2.019,23.828,11.0
2025-09-19 15:00:06,2025-09-19,15:00:06,565.936,2.16,20.62,11.0
2025-09-19 15:09:07,2025-09-19,15:09:07,563.422,2.03,20.426,11.0
2025-09-19 15:18:06,2025-09-19,15:18:06,573.533,1.735,14.178,11.0
2025-09-19 15:27:10,2025-09-19,15:27:10,567.466,2.001,20.021,11.0
2025-09-19 15:36:08,2025-09-19,15:36:08,565.608,1.874,22.244,11.0
2025-09-19 15:45:12,2025-09-19,15:45:12,618.512,1.82,18.565,11.0
2025-09-19 15:54:07,2025-09-19,15:54:07,593.59,1.607,15.117,11.0
2025-09-19 16:03:06,2025-09-19,16:03:06,575.555,1.624,14.152,11.0
2025-09-19 16:12:06,2025-09-19,16:12:06,679.396,1.847,27.835,11.0
2025-09-19 16:21:03,2025-09-19,16:21:03,650.977,1.743,24.593,11.0
2025-09-19 16:30:00,2025-09-19,16:30:00,614.796,1.743,19.103,11.0
2025-09-19 16:38:56,2025-09-19,16:38:56,592.333,1.783,20.309,11.0
2025-09-19 16:47:55,2025-09-19,16:47:55,584.518,1.417,11.602,11.0
2025-09-19 16:56:51,2025-09-19,16:56:51,591.076,1.53,15.901,11.0
2025-09-19 17:05:52,2025-09-19,17:05:52,640.811,1.493,17.455,11.0
2025-09-19 17:14:50,2025-09-19,17:14:50,533.352,1.563,10.62,11.0
2025-09-19 17:23:50,2025-09-19,17:23:50,561.072,1.36,11.622,11.0
2025-09-19 17:32:47,2025-09-19,17:32:47,708.854,1.662,26.25,11.0
2025-09-19 17:41:47,2025-09-19,17:41:47,659.885,1.844,22.853,11.0
2025-09-19 17:50:42,2025-09-19,17:50:42,597.58,1.43,18.502,11.0
2025-09-19 17:59:38,2025-09-19,17:59:38,622.611,1.824,23.302,11.0
2025-09-19 18:08:38,2025-09-19,18:08:38,765.366,2.146,39.179,11.0
2025-09-19 18:17:31,2025-09-19,18:17:31,645.293,1.531,22.628,11.0
2025-09-19 18:26:26,2025-09-19,18:26:26,541.757,1.418,9.876,11.0
2025-09-19 18:35:28,2025-09-19,18:35:28,607.855,1.244,17.468,11.0
2025-09-19 18:44:24,2025-09-19,18:44:24,589.491,1.322,19.694,11.0
2025-09-19 18:53:20,2025-09-19,18:53:20,584.354,1.219,16.591,11.0
2025-09-19 19:02:19,2025-09-19,19:02:19,624.47,1.267,21.303,11.0
2025-09-19 19:11:15,2025-09-19,19:11:15,602.062,1.213,16.996,11.0
2025-09-19 19:20:11,2025-09-19,19:20:11,598.072,1.213,19.55,11.0
2025-09-19 19:29:04,2025-09-19,19:29:04,584.737,1.448,15.711,11.0
2025-09-19 19:38:06,2025-09-19,19:38:06,590.202,1.604,21.364,11.0
2025-09-19 19:47:03,2025-09-19,19:47:03,580.146,1.418,17.806,11.0
2025-09-19 19:56:01,2025-09-19,19:56:01,580.364,1.436,16.635,11.0
2025-09-19 20:05:01,2025-09-19,20:05:01,594.793,1.303,15.501,11.0
2025-09-19 20:13:56,2025-09-19,20:13:56,586.322,1.484,16.686,11.0
2025-09-19 20:22:54,2025-09-19,20:22:54,529.876,1.691,17.717,11.0
2025-09-19 20:31:58,2025-09-19,20:31:58,565.827,1.411,17.251,11.0
2025-09-19 20:40:58,2025-09-19,20:40:58,595.831,1.291,16.675,11.0
2025-09-19 20:50:02,2025-09-19,20:50:02,619.66,1.546,20.046,11.0
2025-09-19 20:59:01,2025-09-19,20:59:01,612.173,1.259,18.131,11.0
2025-09-19 21:08:06,2025-09-19,21:08:06,614.249,1.442,18.269,11.0
2025-09-19 21:17:08,2025-09-19,21:17:08,608.019,1.267,16.093,11.0
2025-09-19 21:26:03,2025-09-19,21:26:03,590.858,1.225,13.664,11.0
2025-09-19 21:35:08,2025-09-19,21:35:08,573.423,1.348,14.077,11.0
2025-09-19 21:44:04,2025-09-19,21:44:04,569.816,1.278,11.812,11.0
2025-09-19 21:52:59,2025-09-19,21:52:59,543.124,1.113,9.416,11.0
2025-09-19 22:01:56,2025-09-19,22:01:56,568.45,1.183,11.098,11.0
2025-09-19 22:11:02,2025-09-19,22:11:02,578.069,1.208,10.883,11.0
2025-09-19 22:20:03,2025-09-19,22:20:03,601.734,1.324,13.823,11.0
2025-09-19 22:29:05,2025-09-19,22:29:05,584.791,1.415,13.695,11.0
2025-09-19 22:38:08,2025-09-19,22:38:08,643.434,1.313,15.735,11.0
2025-09-19 22:47:09,2025-09-19,22:47:09,645.73,1.243,16.932,11.0
2025-09-19 22:56:09,2025-09-19,22:56:09,671.034,1.567,20.268,11.0
2025-09-19 23:05:10,2025-09-19,23:05:10,708.089,1.569,22.015,11.0
2025-09-19 23:14:11,2025-09-19,23:14:11,694.481,1.511,27.754,11.0
2025-09-19 23:23:15,2025-09-19,23:23:15,590.639,1.27,14.106,11.0
2025-09-19 23:32:16,2025-09-19,23:32:16,579.818,1.079,10.273,11.0
2025-09-19 23:41:18,2025-09-19,23:41:18,561.782,1.053,10.893,11.0
2025-09-19 23:50:17,2025-09-19,23:50:17,682.676,0.984,25.287,11.0
2025-09-19 23:59:19,2025-09-20,23:59:19,631.137,0.939,17.207,11.0
2025-09-20 00:08:20,2025-09-20,00:08:20,610.916,0.87,12.963,11.0
2025-09-20 00:17:20,2025-09-20,00:17:20,777.663,1.315,30.191,11.0
2025-09-20 00:26:16,2025-09-20,00:26:16,671.417,1.017,18.939,11.0
2025-09-20 00:35:18,2025-09-20,00:35:18,699.181,0.878,16.614,11.0
2025-09-20 00:44:14,2025-09-20,00:44:14,637.75,1.126,13.629,11.0
2025-09-20 00:53:13,2025-09-20,00:53:13,642.068,1.189,12.637,11.0
2025-09-20 01:02:13,2025-09-20,01:02:13,670.87,1.297,17.567,11.0
2025-09-20 01:11:09,2025-09-20,01:11:09,626.164,0.963,10.435,11.0
2025-09-20 01:20:03,2025-09-20,01:20:03,691.092,1.131,19.481,11.0
2025-09-20 01:29:07,2025-09-20,01:29:07,803.296,1.437,26.629,11.0
2025-09-20 01:38:02,2025-09-20,01:38:02,636.493,1.404,18.154,11.0
2025-09-20 01:46:55,2025-09-20,01:46:55,755.638,1.531,32.767,11.0
2025-09-20 01:55:58,2025-09-20,01:55:58,590.147,1.344,14.24,11.0
2025-09-20 02:04:58,2025-09-20,02:04:58,607.527,1.227,14.913,11.0
2025-09-20 02:14:00,2025-09-20,02:14:00,613.703,1.429,14.733,11.0
2025-09-20 02:22:55,2025-09-20,02:22:55,624.306,1.493,15.673,11.0
2025-09-20 02:31:50,2025-09-20,02:31:50,621.901,1.283,11.872,11.0
2025-09-20 02:40:41,2025-09-20,02:40:41,619.387,1.123,12.182,11.0
2025-09-20 02:49:41,2025-09-20,02:49:41,660.869,1.111,14.617,11.0
2025-09-20 02:58:35,2025-09-20,02:58:35,604.139,1.129,10.637,11.0
2025-09-20 03:07:31,2025-09-20,03:07:31,558.722,1.39,10.201,11.0
2025-09-20 03:16:26,2025-09-20,03:16:26,582.332,1.195,9.446,11.0
2025-09-20 03:25:30,2025-09-20,03:25:30,580.692,1.004,9.988,11.0
2025-09-20 03:34:34,2025-09-20,03:34:34,538.533,1.192,9.412,11.0
2025-09-20 03:43:28,2025-09-20,03:43:28,679.342,1.04,18.274,11.0
2025-09-20 03:52:31,2025-09-20,03:52:31,593.918,1.17,12.927,11.0
2025-09-20 04:01:29,2025-09-20,04:01:29,619.715,1.238,14.96,11.0
2025-09-20 04:10:28,2025-09-20,04:10:28,638.406,1.268,12.675,11.0
2025-09-20 04:19:30,2025-09-20,04:19:30,749.735,1.338,38.804,11.0
2025-09-20 04:28:29,2025-09-20,04:28:29,737.493,1.249,30.056,11.0
2025-09-20 04:37:33,2025-09-20,04:37:33,829.256,1.189,41.635,11.0
2025-09-20 04:46:28,2025-09-20,04:46:28,729.568,1.043,29.853,11.0
2025-09-20 04:55:23,2025-09-20,04:55:23,706.395,1.053,29.184,11.0
2025-09-20 05:04:19,2025-09-20,05:04:19,515.567,0.933,7.378,11.0
2025-09-20 05:13:18,2025-09-20,05:13:18,552.764,0.99,8.376,11.0
2025-09-20 05:22:19,2025-09-20,05:22:19,572.658,0.77,6.78,11.0
2025-09-20 05:31:13,2025-09-20,05:31:13,622.229,0.897,12.282,11.0
2025-09-20 05:40:13,2025-09-20,05:40:13,648.736,1.03,16.978,11.0
2025-09-20 05:49:11,2025-09-20,05:49:11,529.455,0.967,6.04,11.0
2025-09-20 05:58:03,2025-09-20,05:58:03,594.301,0.981,8.061,11.0
2025-09-20 06:07:01,2025-09-20,06:07:01,552.382,1.05,9.668,11.0
2025-09-20 06:15:56,2025-09-20,06:15:56,614.96,1.031,10.793,11.0
2025-09-20 06:24:53,2025-09-20,06:24:53,592.006,0.927,10.83,11.0
2025-09-20 06:33:47,2025-09-20,06:33:47,640.483,1.147,14.068,11.0
2025-09-20 06:42:47,2025-09-20,06:42:47,800.071,0.893,19.911,11.0
2025-09-20 06:51:45,2025-09-20,06:51:45,1026.117,1.086,36.666,11.0
2025-09-20 07:00:37,2025-09-20,07:00:37,1000.321,0.938,35.202,11.0
2025-09-20 07:09:37,2025-09-20,07:09:37,723.884,1.335,16.831,11.0
2025-09-20 07:18:38,2025-09-20,07:18:38,559.159,1.164,7.088,11.0
2025-09-20 07:27:40,2025-09-20,07:27:40,581.676,0.961,9.635,11.0
2025-09-20 07:36:45,2025-09-20,07:36:45,532.368,1.148,4.206,11.0
2025-09-20 07:45:46,2025-09-20,07:45:46,642.833,1.082,16.254,11.0
2025-09-20 07:54:46,2025-09-20,07:54:46,647.479,1.024,15.678,11.0
2025-09-20 08:03:52,2025-09-20,08:03:52,634.198,1.287,12.623,11.0
2025-09-20 08:12:52,2025-09-20,08:12:52,748.26,1.735,21.192,11.0
2025-09-20 08:21:54,2025-09-20,08:21:54,741.592,1.624,17.489,11.0
2025-09-20 08:30:56,2025-09-20,08:30:56,615.78,1.791,9.335,11.0
2025-09-20 08:39:59,2025-09-20,08:39:59,649.993,1.576,16.239,11.0
2025-09-20 08:48:55,2025-09-20,08:48:55,871.175,1.471,41.028,11.0
2025-09-20 08:57:53,2025-09-20,08:57:53,523.104,1.796,4.137,11.0
2025-09-20 09:06:52,2025-09-20,09:06:52,514.726,1.733,3.796,11.0
2025-09-20 09:15:56,2025-09-20,09:15:56,530.482,1.785,5.065,11.0
2025-09-20 09:24:51,2025-09-20,09:24:51,665.842,6.635,171.04,11.0
2025-09-20 09:33:44,2025-09-20,09:33:44,752.359,6.692,148.807,11.0
2025-09-20 09:42:42,2025-09-20,09:42:42,583.644,3.766,59.122,11.0
2025-09-20 09:51:36,2025-09-20,09:51:36,567.302,2.806,29.532,11.0
2025-09-20 10:00:26,2025-09-20,10:00:26,617.146,2.814,32.747,11.0
2025-09-20 10:09:26,2025-09-20,10:09:26,664.093,3.619,50.109,11.0
2025-09-20 10:18:28,2025-09-20,10:18:28,634.307,2.908,30.97,11.0
2025-09-20 10:27:29,2025-09-20,10:27:29,737.22,3.912,63.799,11.0
2025-09-20 10:36:30,2025-09-20,10:36:30,665.022,4.166,69.782,11.0
2025-09-20 10:45:26,2025-09-20,10:45:26,616.436,3.729,60.002,11.0
2025-09-20 10:54:25,2025-09-20,10:54:25,633.05,3.691,57.955,11.0
2025-09-20 11:03:21,2025-09-20,11:03:21,544.719,2.918,29.88,11.0
2025-09-20 11:12:17,2025-09-20,11:12:17,521.65,2.516,23.713,11.0
2025-09-20 11:21:13,2025-09-20,11:21:13,555.661,2.876,36.04,11.0
2025-09-20 11:30:10,2025-09-20,11:30:10,575.664,2.728,31.239,11.0
2025-09-20 11:39:11,2025-09-20,11:39:11,530.98,2.424,22.262,11.0
2025-09-20 11:48:11,2025-09-20,11:48:11,567.302,2.425,27.67,11.0
2025-09-20 11:57:02,2025-09-20,11:57:02,560.525,1.991,21.393,11.0
2025-09-20 12:05:54,2025-09-20,12:05:54,581.512,2.281,28.018,11.0
2025-09-20 12:14:57,2025-09-20,12:14:57,600.04,2.787,35.238,11.0
2025-09-20 12:23:48,2025-09-20,12:23:48,560.416,2.369,26.928,11.0
2025-09-20 12:32:44,2025-09-20,12:32:44,611.899,2.717,41.26,11.0
2025-09-20 12:41:40,2025-09-20,12:41:40,762.852,2.657,59.897,11.0
2025-09-20 12:50:34,2025-09-20,12:50:34,778.374,3.526,73.997,11.0
2025-09-20 12:59:27,2025-09-20,12:59:27,621.682,2.355,32.674,11.0
2025-09-20 13:08:22,2025-09-20,13:08:22,809.69,3.689,68.274,11.0
2025-09-20 13:17:18,2025-09-20,13:17:18,756.239,3.504,59.485,11.0
2025-09-20 13:26:10,2025-09-20,13:26:10,760.174,2.936,50.3,11.0
2025-09-20 13:35:04,2025-09-20,13:35:04,608.456,2.437,25.379,11.0
2025-09-20 13:44:06,2025-09-20,13:44:06,812.587,3.912,69.035,11.0
2025-09-20 13:53:09,2025-09-20,13:53:09,554.131,3.697,53.948,11.0
2025-09-20 14:02:11,2025-09-20,14:02:11,583.425,3.399,46.183,11.0
2025-09-20 14:11:07,2025-09-20,14:11:07,573.15,2.436,28.349,11.0
2025-09-20 14:20:05,2025-09-20,14:20:05,554.349,3.343,46.785,11.0
2025-09-20 14:29:03,2025-09-20,14:29:03,567.849,2.319,27.877,11.0
2025-09-20 14:38:12,2025-09-20,14:38:12,568.122,2.642,33.632,11.0
2025-09-20 14:47:13,2025-09-20,14:47:13,548.283,2.153,23.332,11.0
2025-09-20 14:56:10,2025-09-20,14:56:10,559.596,1.996,21.676,11.0
2025-09-20 15:05:15,2025-09-20,15:05:15,588.945,1.965,19.908,11.0
2025-09-20 15:14:17,2025-09-20,15:14:17,572.713,1.942,19.101,11.0
2025-09-20 15:23:20,2025-09-20,15:23:20,556.918,1.835,14.34,11.0
2025-09-20 15:32:22,2025-09-20,15:32:22,555.169,2.214,21.355,11.0
2025-09-20 15:41:23,2025-09-20,15:41:23,595.503,1.819,17.825,11.0
2025-09-20 15:50:22,2025-09-20,15:50:22,613.43,1.915,21.436,11.0
2025-09-20 15:59:19,2025-09-20,15:59:19,606.543,1.975,17.702,11.0
2025-09-20 16:08:19,2025-09-20,16:08:19,590.257,1.774,15.128,11.0
2025-09-20 16:17:27,2025-09-20,16:17:27,732.793,2.455,31.707,11.0
2025-09-20 16:26:21,2025-09-20,16:26:21,616.436,2.009,18.951,11.0
2025-09-20 16:35:21,2025-09-20,16:35:21,636.603,2.569,30.296,11.0
2025-09-20 16:44:23,2025-09-20,16:44:23,600.969,2.184,22.541,11.0
2025-09-20 16:53:16,2025-09-20,16:53:16,587.196,2.277,26.133,11.0
2025-09-20 17:02:16,2025-09-20,17:02:16,577.96,1.94,20.363,11.0
2025-09-20 17:11:20,2025-09-20,17:11:20,587.852,1.79,17.74,11.0
2025-09-20 17:20:23,2025-09-20,17:20:23,601.133,1.828,19.334,11.0
2025-09-20 17:29:23,2025-09-20,17:29:23,637.969,1.938,23.878,11.0
2025-09-20 17:38:22,2025-09-20,17:38:22,591.459,1.719,15.273,11.0
2025-09-20 17:47:29,2025-09-20,17:47:29,669.067,2.151,24.551,11.0
2025-09-20 17:56:25,2025-09-20,17:56:25,641.74,1.54,16.714,11.0
2025-09-20 18:05:25,2025-09-20,18:05:25,649.829,1.829,22.101,11.0
2025-09-20 18:14:28,2025-09-20,18:14:28,678.577,1.748,22.155,11.0
2025-09-20 18:23:26,2025-09-20,18:23:26,593.754,1.89,17.246,11.0
2025-09-20 18:32:28,2025-09-20,18:32:28,585.994,1.425,14.366,11.0
2025-09-20 18:41:25,2025-09-20,18:41:25,609.823,1.319,15.093,11.0
2025-09-20 18:50:23,2025-09-20,18:50:23,589.874,1.477,14.11,11.0
2025-09-20 18:59:27,2025-09-20,18:59:27,641.467,1.292,15.376,11.0
2025-09-20 19:08:31,2025-09-20,19:08:31,624.962,1.752,26.505,11.0
2025-09-20 19:17:27,2025-09-20,19:17:27,666.006,1.563,22.646,11.0
2025-09-20 19:26:25,2025-09-20,19:26:25,639.226,1.518,15.447,11.0
2025-09-20 19:35:27,2025-09-20,19:35:27,598.509,2.163,32.187,11.0
2025-09-20 19:44:25,2025-09-20,19:44:25,593.754,2.03,25.505,11.0
2025-09-20 19:53:19,2025-09-20,19:53:19,636.876,1.755,29.675,11.0
2025-09-20 20:02:28,2025-09-20,20:02:28,579.763,1.436,17.866,11.0
2025-09-20 20:11:26,2025-09-20,20:11:26,610.205,1.678,25.801,11.0
2025-09-20 20:20:33,2025-09-20,20:20:33,600.859,1.436,21.799,11.0
2025-09-20 20:29:33,2025-09-20,20:29:33,639.062,1.512,31.374,11.0
2025-09-20 20:38:33,2025-09-20,20:38:33,537.806,1.139,17.242,11.0
2025-09-20 20:47:30,2025-09-20,20:47:30,590.53,0.926,11.102,11.0
2025-09-20 20:56:27,2025-09-20,20:56:27,580.911,1.135,15.681,11.0
2025-09-20 21:05:29,2025-09-20,21:05:29,601.734,1.01,12.34,11.0
2025-09-20 21:14:28,2025-09-20,21:14:28,576.101,1.373,16.858,11.0
2025-09-20 21:23:25,2025-09-20,21:23:25,584.682,1.152,12.476,11.0
2025-09-20 21:32:22,2025-09-20,21:32:22,618.075,0.951,15.321,11.0
2025-09-20 21:41:18,2025-09-20,21:41:18,703.007,1.249,19.461,11.0
2025-09-20 21:50:14,2025-09-20,21:50:14,629.279,1.016,12.252,11.0
2025-09-20 21:59:08,2025-09-20,21:59:08,626,1.056,11.803,11.0
2025-09-20 22:08:04,2025-09-20,22:08:04,609.768,1.277,10.367,11.0
2025-09-20 22:17:08,2025-09-20,22:17:08,609.112,0.92,11.645,11.0
2025-09-20 22:26:05,2025-09-20,22:26:05,595.613,1.009,9.521,11.0
2025-09-20 22:35:08,2025-09-20,22:35:08,595.667,1.272,10.94,11.0
2025-09-20 22:44:02,2025-09-20,22:44:02,598.619,1.176,11.556,11.0
2025-09-20 22:52:55,2025-09-20,22:52:55,590.803,0.999,10.973,11.0
2025-09-20 23:01:53,2025-09-20,23:01:53,584.573,0.862,9.189,11.0
2025-09-20 23:10:46,2025-09-20,23:10:46,605.887,0.99,13.454,11.0
2025-09-20 23:19:42,2025-09-20,23:19:42,605.45,0.984,12.26,11.0
2025-09-20 23:28:36,2025-09-20,23:28:36,776.024,1.324,20.178,11.0
2025-09-20 23:37:39,2025-09-20,23:37:39,834.229,1.267,28.67,11.0
2025-09-20 23:46:39,2025-09-20,23:46:39,807.176,1.621,32.343,11.0
2025-09-20 23:55:37,2025-09-20,23:55:37,721.425,1.367,26.622,11.0
2025-09-21 00:04:38,2025-09-21,00:04:38,762.469,1.692,29.523,11.0
2025-09-21 00:13:41,2025-09-21,00:13:41,677.429,1.512,21.004,11.0
2025-09-21 00:22:46,2025-09-21,00:22:46,698.798,1.52,23.623,11.0
2025-09-21 00:31:45,2025-09-21,00:31:45,659.339,1.306,18.548,11.0
2025-09-21 00:40:41,2025-09-21,00:40:41,670.378,1.167,16.063,11.0
2025-09-21 00:49:35,2025-09-21,00:49:35,592.006,1.246,12.99,11.0
2025-09-21 00:58:34,2025-09-21,00:58:34,680.817,1.332,27.835,11.0
2025-09-21 01:07:30,2025-09-21,01:07:30,689.78,1.562,20.842,11.0
2025-09-21 01:16:28,2025-09-21,01:16:28,807.668,1.976,35.881,11.0
2025-09-21 01:25:22,2025-09-21,01:25:22,742.521,1.739,26.322,11.0
2025-09-21 01:34:19,2025-09-21,01:34:19,924.899,1.898,45.687,11.0
2025-09-21 01:43:17,2025-09-21,01:43:17,994.254,2.144,43.466,11.0
2025-09-21 01:52:11,2025-09-21,01:52:11,921.565,1.782,44.074,11.0
2025-09-21 02:01:06,2025-09-21,02:01:06,1053.608,1.891,47.779,11.0
2025-09-21 02:10:04,2025-09-21,02:10:04,752.577,1.637,26.922,11.0
2025-09-21 02:18:57,2025-09-21,02:18:57,597.307,1.721,14.801,11.0
2025-09-21 02:27:50,2025-09-21,02:27:50,842.755,1.712,34.62,11.0
2025-09-21 02:36:50,2025-09-21,02:36:50,749.189,1.309,26.385,11.0
2025-09-21 02:45:58,2025-09-21,02:45:58,603.865,1.371,15.585,11.0
2025-09-21 02:54:48,2025-09-21,02:54:48,546.862,1.355,12.226,11.0
2025-09-21 03:03:52,2025-09-21,03:03:52,562.274,1.054,11.917,11.0
2025-09-21 03:12:51,2025-09-21,03:12:51,635.346,0.97,13.749,11.0
2025-09-21 03:21:49,2025-09-21,03:21:49,724.431,1.139,36.45,11.0
2025-09-21 03:30:55,2025-09-21,03:30:55,754.435,1.071,27.361,11.0
2025-09-21 03:39:53,2025-09-21,03:39:53,691.857,1.226,20.83,11.0
2025-09-21 03:48:54,2025-09-21,03:48:54,730.716,1.403,20.411,11.0
2025-09-21 03:57:58,2025-09-21,03:57:58,650.102,0.912,12.101,11.0
2025-09-21 04:06:53,2025-09-21,04:06:53,705.958,1.161,17.776,11.0
2025-09-21 04:15:57,2025-09-21,04:15:57,576.156,1.033,9.227,11.0
2025-09-21 04:24:55,2025-09-21,04:24:55,641.849,1.28,14.743,11.0
2025-09-21 04:33:57,2025-09-21,04:33:57,862.54,1.373,26.817,11.0
2025-09-21 04:42:53,2025-09-21,04:42:53,631.465,1.038,12.221,11.0
2025-09-21 04:51:52,2025-09-21,04:51:52,586.923,1.062,8.861,11.0
2025-09-21 05:00:53,2025-09-21,05:00:53,626.055,1.079,10.655,11.0
2025-09-21 05:09:51,2025-09-21,05:09:51,695.683,1.417,17.276,11.0
2025-09-21 05:18:48,2025-09-21,05:18:48,646.058,0.944,11.454,11.0
2025-09-21 05:27:41,2025-09-21,05:27:41,671.417,1.147,17.001,11.0
2025-09-21 05:36:47,2025-09-21,05:36:47,591.459,1.062,8.888,11.0
2025-09-21 05:45:48,2025-09-21,05:45:48,576.265,1.093,8.315,11.0
2025-09-21 05:54:46,2025-09-21,05:54:46,585.119,1.035,7.888,11.0
2025-09-21 06:03:44,2025-09-21,06:03:44,639.718,1.341,14.062,11.0
2025-09-21 06:12:38,2025-09-21,06:12:38,672.893,1.258,14.389,11.0
2025-09-21 06:21:37,2025-09-21,06:21:37,714.374,1.356,15.574,11.0
2025-09-21 06:30:30,2025-09-21,06:30:30,905.825,1.402,33.001,11.0
2025-09-21 06:39:28,2025-09-21,06:39:28,1148.924,1.085,46.864,11.0
2025-09-21 06:48:23,2025-09-21,06:48:23,956.926,1.044,28.051,11.0
2025-09-21 06:57:27,2025-09-21,06:57:27,1317.584,1.346,44.459,11.0
2025-09-21 07:06:26,2025-09-21,07:06:26,1025.079,1.047,32.212,11.0
2025-09-21 07:15:25,2025-09-21,07:15:25,1485.534,1.286,76.562,11.0
2025-09-21 07:24:22,2025-09-21,07:24:22,713.391,1.288,16.216,11.0
2025-09-21 07:33:16,2025-09-21,07:33:16,598.072,1.347,8.682,11.0
2025-09-21 07:42:12,2025-09-21,07:42:12,507.796,1.306,2.955,11.0
2025-09-21 07:51:06,2025-09-21,07:51:06,691.529,1.099,14.125,11.0
2025-09-21 08:00:07,2025-09-21,08:00:07,690.218,1.22,12.989,11.0
2025-09-21 08:09:06,2025-09-21,08:09:06,714.812,1.291,18.869,11.0
2025-09-21 08:18:07,2025-09-21,08:18:07,794.66,1.448,18.368,11.0
2025-09-21 08:26:59,2025-09-21,08:26:59,766.787,1.655,19.284,11.0
2025-09-21 08:36:03,2025-09-21,08:36:03,553.803,1.589,5.68,11.0
2025-09-21 08:44:57,2025-09-21,08:44:57,539.888,1.567,4.521,11.0
2025-09-21 08:53:47,2025-09-21,08:53:47,510.851,1.568,3.719,11.0
2025-09-21 09:02:43,2025-09-21,09:02:43,502.27,1.543,3.194,11.0
2025-09-21 09:11:44,2025-09-21,09:11:44,497.034,1.773,2.652,11.0
2025-09-21 09:20:41,2025-09-21,09:20:41,505.232,1.776,3.687,11.0
2025-09-21 09:29:34,2025-09-21,09:29:34,512.19,1.762,2.645,11.0
2025-09-21 09:38:27,2025-09-21,09:38:27,538.483,1.817,5.315,11.0
2025-09-21 09:47:19,2025-09-21,09:47:19,553.092,1.488,5.326,11.0
2025-09-21 09:56:11,2025-09-21,09:56:11,587.032,3.568,61.951,11.0
2025-09-21 10:05:04,2025-09-21,10:05:04,596.542,2.845,30.982,11.0
2025-09-21 10:14:04,2025-09-21,10:14:04,661.579,2.829,33.205,11.0
2025-09-21 10:23:02,2025-09-21,10:23:02,586.431,2.621,35.585,11.0
2025-09-21 10:32:04,2025-09-21,10:32:04,707.871,3.021,55.287,11.0
2025-09-21 10:41:00,2025-09-21,10:41:00,554.896,2.666,30.949,11.0
2025-09-21 10:49:57,2025-09-21,10:49:57,555.934,2.557,33.97,11.0
2025-09-21 10:58:52,2025-09-21,10:58:52,522.312,2.977,43.13,11.0
2025-09-21 11:07:46,2025-09-21,11:07:46,540.828,2.165,32.184,11.0
2025-09-21 11:16:41,2025-09-21,11:16:41,530.275,3.008,49.874,11.0
2025-09-21 11:25:32,2025-09-21,11:25:32,531.581,2.61,37.074,11.0
2025-09-21 11:34:27,2025-09-21,11:34:27,552.218,2.242,26.599,11.0
2025-09-21 11:43:27,2025-09-21,11:43:27,549.704,1.806,20.207,11.0
2025-09-21 11:52:25,2025-09-21,11:52:25,542.02,2.116,24.819,11.0
2025-09-21 12:01:20,2025-09-21,12:01:20,535.915,2.057,23.117,11.0
2025-09-21 12:10:19,2025-09-21,12:10:19,541.522,2.035,25.151,11.0
2025-09-21 12:19:19,2025-09-21,12:19:19,562.875,1.884,21.001,11.0
2025-09-21 12:28:17,2025-09-21,12:28:17,565.335,2.164,23.29,11.0
2025-09-21 12:37:10,2025-09-21,12:37:10,561.892,1.789,18.857,11.0
2025-09-21 12:46:10,2025-09-21,12:46:10,565.553,2.221,31.746,11.0
2025-09-21 12:55:04,2025-09-21,12:55:04,595.339,2.673,40.644,11.0
2025-09-21 13:04:04,2025-09-21,13:04:04,617.911,2.435,33.862,11.0
2025-09-21 13:13:06,2025-09-21,13:13:06,646.386,2.735,33.295,11.0
2025-09-21 13:21:59,2025-09-21,13:21:59,725.36,3.098,47.62,11.0
2025-09-21 13:31:00,2025-09-21,13:31:00,690.928,2.547,36.075,11.0
2025-09-21 13:40:00,2025-09-21,13:40:00,776.078,3.203,58.059,11.0
2025-09-21 13:48:59,2025-09-21,13:48:59,554.459,3.167,49.937,11.0
2025-09-21 13:57:51,2025-09-21,13:57:51,549.595,2.993,40.317,11.0
2025-09-21 14:06:55,2025-09-21,14:06:55,541.418,2.509,34.078,11.0
2025-09-21 14:15:53,2025-09-21,14:15:53,547.408,1.887,23.317,11.0
2025-09-21 14:24:49,2025-09-21,14:24:49,564.788,2.097,28.016,11.0
2025-09-21 14:33:49,2025-09-21,14:33:49,553.256,1.933,26.526,11.0
2025-09-21 14:42:47,2025-09-21,14:42:47,559.869,1.98,20.163,11.0
2025-09-21 14:51:44,2025-09-21,14:51:44,545.709,2.577,35.95,11.0
2025-09-21 15:00:37,2025-09-21,15:00:37,558.722,2.269,24.302,11.0
2025-09-21 15:09:33,2025-09-21,15:09:33,558.12,1.791,19.784,11.0
2025-09-21 15:18:29,2025-09-21,15:18:29,563.313,1.575,17.041,11.0
2025-09-21 15:27:25,2025-09-21,15:27:25,583.534,1.701,19.152,11.0
2025-09-21 15:36:26,2025-09-21,15:36:26,569.379,1.876,20.459,11.0
2025-09-21 15:45:26,2025-09-21,15:45:26,735.689,1.691,28.262,11.0
2025-09-21 15:54:20,2025-09-21,15:54:20,785.752,2.723,44.098,11.0
2025-09-21 16:03:16,2025-09-21,16:03:16,700.93,2.095,32.827,11.0
2025-09-21 16:12:15,2025-09-21,16:12:15,710.549,1.864,28.271,11.0
2025-09-21 16:21:10,2025-09-21,16:21:10,670.215,2.155,25.17,11.0
2025-09-21 16:30:03,2025-09-21,16:30:03,610.369,1.892,27.021,11.0
2025-09-21 16:38:57,2025-09-21,16:38:57,636.657,1.84,22.153,11.0
2025-09-21 16:47:58,2025-09-21,16:47:58,585.884,1.57,14.509,11.0
2025-09-21 16:56:50,2025-09-21,16:56:50,576.812,1.426,14.874,11.0
2025-09-21 17:05:45,2025-09-21,17:05:45,576.976,1.47,13.544,11.0
2025-09-21 17:14:41,2025-09-21,17:14:41,561.564,1.648,12.97,11.0
2025-09-21 17:23:40,2025-09-21,17:23:40,548.775,1.483,12.467,11.0
2025-09-21 17:32:32,2025-09-21,17:32:32,635.072,1.575,15.324,11.0
2025-09-21 17:41:24,2025-09-21,17:41:24,717.872,1.408,22.177,11.0
2025-09-21 17:50:21,2025-09-21,17:50:21,700.547,1.754,23.252,11.0
2025-09-21 17:59:20,2025-09-21,17:59:20,608.729,1.781,18.118,11.0
2025-09-21 18:08:20,2025-09-21,18:08:20,660.377,1.694,22.775,11.0
2025-09-21 18:17:22,2025-09-21,18:17:22,698.689,2.062,24.696,11.0
2025-09-21 18:26:21,2025-09-21,18:26:21,716.069,1.804,23.66,11.0
2025-09-21 18:35:23,2025-09-21,18:35:23,652.616,1.545,17.833,11.0
2025-09-21 18:44:22,2025-09-21,18:44:22,641.467,1.578,16.279,11.0
2025-09-21 18:53:16,2025-09-21,18:53:16,625.016,1.646,16.267,11.0
2025-09-21 19:02:22,2025-09-21,19:02:22,614.14,1.716,16.269,11.0
2025-09-21 19:11:24,2025-09-21,19:11:24,601.351,1.655,13.203,11.0
2025-09-21 19:20:29,2025-09-21,19:20:29,595.667,1.636,11.596,11.0
2025-09-21 19:29:31,2025-09-21,19:29:31,585.119,1.666,11.545,11.0
2025-09-21 19:38:33,2025-09-21,19:38:33,580.146,1.554,10.1,11.0
2025-09-21 19:47:32,2025-09-21,19:47:32,576.265,1.434,9.315,11.0
2025-09-21 19:56:31,2025-09-21,19:56:31,583.917,1.336,10.368,11.0
2025-09-21 20:05:28,2025-09-21,20:05:28,590.912,1.211,10.114,11.0
2025-09-21 20:14:34,2025-09-21,20:14:34,587.907,1.363,9.929,11.0
2025-09-21 20:23:37,2025-09-21,20:23:37,632.012,1.379,15.808,11.0
2025-09-21 20:32:36,2025-09-21,20:32:36,573.314,1.439,12.523,11.0
2025-09-21 20:41:35,2025-09-21,20:41:35,613.43,1.854,17.665,11.0
2025-09-21 20:50:37,2025-09-21,20:50:37,592.989,1.353,13.596,11.0
2025-09-21 20:59:33,2025-09-21,20:59:33,593.317,1.303,14.228,11.0
2025-09-21 21:08:35,2025-09-21,21:08:35,591.35,1.415,13.812,11.0
2025-09-21 21:17:39,2025-09-21,21:17:39,621.354,1.323,13.549,11.0
2025-09-21 21:26:39,2025-09-21,21:26:39,666.334,1.301,22.161,11.0
2025-09-21 21:35:50,2025-09-21,21:35:50,621.081,1.522,18.584,11.0
2025-09-21 21:44:48,2025-09-21,21:44:48,658.901,1.466,17.046,11.0
2025-09-21 21:53:46,2025-09-21,21:53:46,612.828,1.425,14.832,11.0
2025-09-21 22:02:47,2025-09-21,22:02:47,566.154,1.386,9.055,11.0
2025-09-21 22:11:50,2025-09-21,22:11:50,595.503,1.113,10.937,11.0
2025-09-21 22:20:49,2025-09-21,22:20:49,595.722,0.967,10.214,11.0
2025-09-21 22:29:44,2025-09-21,22:29:44,637.805,1.215,19.28,11.0
2025-09-21 22:38:42,2025-09-21,22:38:42,594.356,1.126,9.372,11.0
2025-09-21 22:47:41,2025-09-21,22:47:41,574.899,1.055,9.291,11.0
2025-09-21 22:56:37,2025-09-21,22:56:37,661.306,1.062,13.433,11.0
2025-09-21 23:05:40,2025-09-21,23:05:40,676.773,1.137,15.266,11.0
2025-09-21 23:14:46,2025-09-21,23:14:46,637.149,1.266,11.52,11.0
2025-09-21 23:23:48,2025-09-21,23:23:48,683.386,1.286,14.335,11.0
2025-09-21 23:32:45,2025-09-21,23:32:45,628.241,1.55,12.536,11.0
2025-09-21 23:41:47,2025-09-21,23:41:47,755.692,1.482,24.579,11.0
2025-09-21 23:50:49,2025-09-21,23:50:49,670.597,1.667,21.108,11.0
2025-09-21 23:59:47,2025-09-22,23:59:47,666.061,1.944,21.291,11.0
2025-09-22 00:08:42,2025-09-22,00:08:42,586.212,1.667,10.457,11.0
2025-09-22 00:17:39,2025-09-22,00:17:39,698.962,1.583,20.902,11.0
2025-09-22 00:26:35,2025-09-22,00:26:35,741.756,1.419,20.566,11.0
2025-09-22 00:35:33,2025-09-22,00:35:33,757.879,1.615,26.142,11.0
2025-09-22 00:44:27,2025-09-22,00:44:27,637.095,1.5,15.279,11.0
2025-09-22 00:53:28,2025-09-22,00:53:28,1052.132,1.592,40.71,11.0
2025-09-22 01:02:39,2025-09-22,01:02:39,831.879,1.826,28.066,11.0
2025-09-22 01:11:39,2025-09-22,01:11:39,773.728,1.614,26.875,11.0
2025-09-22 01:20:35,2025-09-22,01:20:35,763.235,1.436,19.524,11.0
2025-09-22 01:29:37,2025-09-22,01:29:37,770.176,1.391,22.086,11.0
2025-09-22 01:38:38,2025-09-22,01:38:38,742.849,1.311,18.647,11.0
2025-09-22 01:47:35,2025-09-22,01:47:35,739.078,1.545,17.684,11.0
2025-09-22 01:56:30,2025-09-22,01:56:30,789.304,1.571,19.395,11.0
2025-09-22 02:05:27,2025-09-22,02:05:27,739.57,1.728,21.808,11.0
2025-09-22 02:14:24,2025-09-22,02:14:24,707.707,1.396,16.747,11.0
2025-09-22 02:23:21,2025-09-22,02:23:21,621.737,1.418,11.177,11.0
2025-09-22 02:32:21,2025-09-22,02:32:21,602.718,1.504,11.773,11.0
2025-09-22 02:41:18,2025-09-22,02:41:18,611.735,1.523,16.605,11.0
2025-09-22 02:50:19,2025-09-22,02:50:19,593.099,1.261,13.663,11.0
2025-09-22 02:59:14,2025-09-22,02:59:14,601.133,1.19,12.132,11.0
2025-09-22 03:08:11,2025-09-22,03:08:11,595.831,1.243,8.1,11.0
2025-09-22 03:17:03,2025-09-22,03:17:03,564.132,1.459,8.111,11.0
2025-09-22 03:26:04,2025-09-22,03:26:04,601.187,1.329,8.933,11.0
2025-09-22 03:34:58,2025-09-22,03:34:58,547.572,1.465,7.598,11.0
2025-09-22 03:43:56,2025-09-22,03:43:56,565.389,1.369,8.563,11.0
2025-09-22 03:52:54,2025-09-22,03:52:54,594.902,1.185,10.107,11.0
2025-09-22 04:01:54,2025-09-22,04:01:54,644.145,1.032,9.718,11.0
2025-09-22 04:10:55,2025-09-22,04:10:55,529.482,1.458,5.672,11.0
2025-09-22 04:19:54,2025-09-22,04:19:54,638.789,1.142,12.464,11.0
2025-09-22 04:28:50,2025-09-22,04:28:50,633.269,1.012,13.259,11.0
2025-09-22 04:37:43,2025-09-22,04:37:43,616.818,0.814,9.856,11.0
2025-09-22 04:46:37,2025-09-22,04:46:37,754.873,1.112,18.1,11.0
2025-09-22 04:55:30,2025-09-22,04:55:30,609.221,1.149,8.219,11.0
2025-09-22 05:04:28,2025-09-22,05:04:28,679.178,1.118,14.547,11.0
2025-09-22 05:13:25,2025-09-22,05:13:25,551.671,0.881,6.026,11.0
2025-09-22 05:22:18,2025-09-22,05:22:18,560.634,1.086,6.607,11.0
2025-09-22 05:31:20,2025-09-22,05:31:20,555.88,0.934,6.628,11.0
2025-09-22 05:40:22,2025-09-22,05:40:22,578.834,0.824,6.889,11.0
2025-09-22 05:49:20,2025-09-22,05:49:20,558.339,0.77,5.727,11.0
2025-09-22 05:58:16,2025-09-22,05:58:16,559.268,1.075,5.474,11.0
2025-09-22 06:07:12,2025-09-22,06:07:12,543.38,1.108,4.894,11.0
2025-09-22 06:16:17,2025-09-22,06:16:17,650.703,0.985,9.922,11.0
2025-09-22 06:25:09,2025-09-22,06:25:09,596.76,1.065,7.671,11.0
2025-09-22 06:34:09,2025-09-22,06:34:09,622.174,1.119,10.296,11.0
2025-09-22 06:43:08,2025-09-22,06:43:08,679.943,1.382,12.024,11.0
2025-09-22 06:52:02,2025-09-22,06:52:02,756.949,1.174,16.905,11.0
2025-09-22 07:01:04,2025-09-22,07:01:04,903.912,1.003,25.259,11.0
2025-09-22 07:10:03,2025-09-22,07:10:03,786.08,1.019,18.271,11.0
2025-09-22 07:19:00,2025-09-22,07:19:00,562.219,0.988,5.642,11.0
2025-09-22 07:28:11,2025-09-22,07:28:11,518.3,1.087,3.086,11.0
2025-09-22 07:37:07,2025-09-22,07:37:07,493.17,1.079,2.082,11.0
2025-09-22 07:46:12,2025-09-22,07:46:12,595.503,0.821,8.694,11.0
2025-09-22 07:55:10,2025-09-22,07:55:10,606.27,0.879,9.346,11.0
2025-09-22 08:04:15,2025-09-22,08:04:15,530.46,0.869,5.224,11.0
2025-09-22 08:13:15,2025-09-22,08:13:15,537.931,0.996,6.209,11.0
2025-09-22 08:22:13,2025-09-22,08:22:13,500.095,1.312,4.613,11.0
2025-09-22 08:31:15,2025-09-22,08:31:15,546.058,1.391,6.491,11.0
2025-09-22 08:40:17,2025-09-22,08:40:17,499.898,1.485,5.292,11.0
2025-09-22 08:49:13,2025-09-22,08:49:13,517.863,1.195,6.208,11.0
2025-09-22 08:58:12,2025-09-22,08:58:12,503.363,1.268,5.75,11.0
2025-09-22 09:07:14,2025-09-22,09:07:14,506.473,1.27,6.157,11.0
2025-09-22 09:16:22,2025-09-22,09:16:22,523.148,1.499,6.916,11.0
2025-09-22 09:25:21,2025-09-22,09:25:21,635.51,1.656,7.27,11.0
2025-09-22 09:34:25,2025-09-22,09:34:25,515.442,1.683,5.61,11.0
2025-09-22 09:43:17,2025-09-22,09:43:17,523.563,1.657,7.031,11.0
2025-09-22 09:52:09,2025-09-22,09:52:09,654.037,6.755,187.85,11.0
2025-09-22 10:01:09,2025-09-22,10:01:09,535.609,2.676,35.67,11.0
2025-09-22 10:10:01,2025-09-22,10:10:01,614.359,2.912,43.586,11.0
2025-09-22 10:19:12,2025-09-22,10:19:12,566.92,2.562,34.499,11.0
2025-09-22 10:28:04,2025-09-22,10:28:04,588.945,2.934,38.584,11.0
2025-09-22 10:37:00,2025-09-22,10:37:00,587.961,2.779,39.254,11.0
2025-09-22 10:45:49,2025-09-22,10:45:49,567.084,3.376,47.867,11.0
2025-09-22 10:54:49,2025-09-22,10:54:49,569.762,4.031,69.862,11.0
2025-09-22 11:03:42,2025-09-22,11:03:42,576.265,2.758,40.613,11.0
2025-09-22 11:12:35,2025-09-22,11:12:35,555.934,3.934,63.827,11.0
2025-09-22 11:21:35,2025-09-22,11:21:35,630.318,3.348,56.205,11.0
2025-09-22 11:30:26,2025-09-22,11:30:26,592.552,2.368,30.29,11.0
2025-09-22 11:39:27,2025-09-22,11:39:27,593.973,3.3,45.054,11.0
2025-09-22 11:48:29,2025-09-22,11:48:29,556.481,2.794,29.505,11.0
2025-09-22 11:57:29,2025-09-22,11:57:29,626.656,3.741,54.708,11.0
2025-09-22 12:06:27,2025-09-22,12:06:27,611.298,3.245,37.56,11.0
2025-09-22 12:15:33,2025-09-22,12:15:33,607.035,3.18,36.904,11.0
2025-09-22 12:24:30,2025-09-22,12:24:30,539.478,2.825,27.877,11.0
2025-09-22 12:33:33,2025-09-22,12:33:33,564.187,2.412,24.978,11.0
2025-09-22 12:42:29,2025-09-22,12:42:29,533.084,2.222,20.976,11.0
2025-09-22 12:51:29,2025-09-22,12:51:29,545.856,2.076,23.281,11.0
2025-09-22 13:00:25,2025-09-22,13:00:25,609.604,2.592,29.192,11.0
2025-09-22 13:09:28,2025-09-22,13:09:28,679.068,2.492,35.813,11.0
2025-09-22 13:18:27,2025-09-22,13:18:27,692.24,2.728,38.519,11.0
2025-09-22 13:27:26,2025-09-22,13:27:26,650.266,2.821,34.224,11.0
2025-09-22 13:36:33,2025-09-22,13:36:33,618.075,2.607,31.155,11.0
2025-09-22 13:45:42,2025-09-22,13:45:42,619.715,2.567,35.03,11.0
2025-09-22 13:54:37,2025-09-22,13:54:37,585.666,2.362,35.07,11.0
2025-09-22 14:03:36,2025-09-22,14:03:36,545.381,1.907,22.538,11.0
2025-09-22 14:12:35,2025-09-22,14:12:35,559.432,1.916,22.433,11.0
2025-09-22 14:21:36,2025-09-22,14:21:36,573.314,1.996,24.185,11.0
2025-09-22 14:30:37,2025-09-22,14:30:37,574.134,1.8,21.169,11.0
2025-09-22 14:39:37,2025-09-22,14:39:37,556.973,1.752,18.424,11.0
2025-09-22 14:48:40,2025-09-22,14:48:40,535.964,2.072,20.55,11.0
2025-09-22 14:57:40,2025-09-22,14:57:40,560.744,2.298,26.644,11.0
2025-09-22 15:06:40,2025-09-22,15:06:40,566.209,2.502,35.52,11.0
2025-09-22 15:15:46,2025-09-22,15:15:46,569.98,1.634,18.617,11.0
2025-09-22 15:24:42,2025-09-22,15:24:42,556.59,2.173,27.1,11.0
2025-09-22 15:33:47,2025-09-22,15:33:47,528.045,1.363,12.755,11.0
2025-09-22 15:42:45,2025-09-22,15:42:45,635.4,1.382,19.314,11.0
2025-09-22 15:51:46,2025-09-22,15:51:46,599.11,1.609,13.505,11.0
2025-09-22 16:00:42,2025-09-22,16:00:42,625.235,1.702,18.664,11.0
2025-09-22 16:09:44,2025-09-22,16:09:44,714.921,2.178,31.863,11.0
2025-09-22 16:18:49,2025-09-22,16:18:49,718.856,1.971,30.225,11.0
2025-09-22 16:27:50,2025-09-22,16:27:50,639.882,1.839,27.064,11.0
2025-09-22 16:36:54,2025-09-22,16:36:54,584.573,1.883,17.131,11.0
2025-09-22 16:45:55,2025-09-22,16:45:55,560.744,2.051,19.866,11.0
2025-09-22 16:54:52,2025-09-22,16:54:52,623.213,2.613,41.248,11.0
2025-09-22 17:03:58,2025-09-22,17:03:58,560.033,1.615,16.119,11.0
2025-09-22 17:12:58,2025-09-22,17:12:58,550.633,1.535,13.416,11.0
2025-09-22 17:21:51,2025-09-22,17:21:51,648.517,1.59,16.999,11.0
2025-09-22 17:30:52,2025-09-22,17:30:52,650.375,1.677,20.511,11.0
2025-09-22 17:39:54,2025-09-22,17:39:54,568.45,1.642,11.996,11.0
2025-09-22 17:48:58,2025-09-22,17:48:58,546.08,1.514,7.233,11.0
2025-09-22 17:57:56,2025-09-22,17:57:56,568.559,1.529,8.849,11.0
2025-09-22 18:06:56,2025-09-22,18:06:56,774.384,1.863,24.726,11.0
2025-09-22 18:16:01,2025-09-22,18:16:01,776.078,2.208,29.168,11.0
2025-09-22 18:25:03,2025-09-22,18:25:03,633.105,1.929,18.328,11.0
2025-09-22 18:34:07,2025-09-22,18:34:07,627.913,1.941,23.155,11.0
2025-09-22 18:43:03,2025-09-22,18:43:03,724.485,1.824,29.34,11.0
2025-09-22 18:52:03,2025-09-22,18:52:03,701.312,1.864,27.964,11.0
2025-09-22 19:01:02,2025-09-22,19:01:02,596.815,1.725,15.463,11.0
2025-09-22 19:10:01,2025-09-22,19:10:01,569.871,1.699,15.29,11.0
2025-09-22 19:19:01,2025-09-22,19:19:01,571.183,1.521,13.184,11.0
2025-09-22 19:28:05,2025-09-22,19:28:05,581.512,1.749,12.854,11.0
2025-09-22 19:37:06,2025-09-22,19:37:06,600.094,1.523,14.117,11.0
2025-09-22 19:46:08,2025-09-22,19:46:08,630.044,1.724,16.9,11.0
2025-09-22 19:55:10,2025-09-22,19:55:10,644.637,1.811,20.7,11.0
2025-09-22 20:04:13,2025-09-22,20:04:13,616.217,1.639,14.01,11.0
2025-09-22 20:13:15,2025-09-22,20:13:15,590.093,2,15.477,11.0
2025-09-22 20:22:11,2025-09-22,20:22:11,585.174,1.832,13.121,11.0
2025-09-22 20:31:13,2025-09-22,20:31:13,574.516,1.616,10.912,11.0
2025-09-22 20:40:18,2025-09-22,20:40:18,566.154,1.399,9.742,11.0
2025-09-22 20:49:20,2025-09-22,20:49:20,561.29,1.487,9.599,11.0
2025-09-22 20:58:23,2025-09-22,20:58:23,570.745,1.528,9.804,11.0
2025-09-22 21:07:20,2025-09-22,21:07:20,590.257,1.643,11.113,11.0
2025-09-22 21:16:27,2025-09-22,21:16:27,599.766,1.493,12.815,11.0
2025-09-22 21:25:23,2025-09-22,21:25:23,616.927,1.588,16.003,11.0
2025-09-22 21:34:19,2025-09-22,21:34:19,595.339,1.593,13.011,11.0
2025-09-22 21:43:19,2025-09-22,21:43:19,622.01,1.392,13.039,11.0
2025-09-22 21:52:19,2025-09-22,21:52:19,603.647,1.501,11.912,11.0
2025-09-22 22:01:18,2025-09-22,22:01:18,622.557,1.514,18.797,11.0
2025-09-22 22:10:21,2025-09-22,22:10:21,622.666,1.456,16.219,11.0
2025-09-22 22:19:19,2025-09-22,22:19:19,643.052,1.764,19.812,11.0
2025-09-22 22:28:18,2025-09-22,22:28:18,597.198,1.552,14.144,11.0
2025-09-22 22:37:27,2025-09-22,22:37:27,714.101,1.661,23.017,11.0
2025-09-22 22:46:23,2025-09-22,22:46:23,616.873,1.356,14.573,11.0
2025-09-22 22:55:18,2025-09-22,22:55:18,597.362,1.305,13.988,11.0
2025-09-22 23:04:16,2025-09-22,23:04:16,573.314,1.314,12.124,11.0
2025-09-22 23:13:12,2025-09-22,23:13:12,609.495,1.176,13.964,11.0
2025-09-22 23:22:06,2025-09-22,23:22:06,576.484,1.542,14.449,11.0
2025-09-22 23:31:09,2025-09-22,23:31:09,631.137,1.214,13.217,11.0
2025-09-22 23:40:09,2025-09-22,23:40:09,612.774,1.247,11.575,11.0
2025-09-22 23:49:07,2025-09-22,23:49:07,613.539,1.206,13.294,11.0
2025-09-22 23:58:04,2025-09-22,23:58:04,663.219,1.272,16.285,11.0
2025-09-23 00:07:00,2025-09-23,00:07:00,577.96,1.142,11.444,11.0
2025-09-23 00:16:01,2025-09-23,00:16:01,582.988,0.902,9.672,11.0
2025-09-23 00:24:55,2025-09-23,00:24:55,565.171,1.043,10.32,11.0
2025-09-23 00:33:48,2025-09-23,00:33:48,770.504,1.267,29.285,11.0
2025-09-23 00:42:41,2025-09-23,00:42:41,734.596,1.343,23.456,11.0
2025-09-23 00:51:29,2025-09-23,00:51:29,671.636,1.493,21.004,11.0
2025-09-23 01:00:31,2025-09-23,01:00:31,617.31,1.209,16.543,11.0
2025-09-23 01:09:33,2025-09-23,01:09:33,709.62,1.183,18.46,11.0
2025-09-23 01:18:29,2025-09-23,01:18:29,587.852,1.297,11.089,11.0
2025-09-23 01:27:23,2025-09-23,01:27:23,642.997,1.415,16.894,11.0
2025-09-23 01:36:26,2025-09-23,01:36:26,991.959,1.359,27.538,11.0
2025-09-23 01:45:22,2025-09-23,01:45:22,678.358,1.269,13.76,11.0
2025-09-23 01:54:16,2025-09-23,01:54:16,599.438,1.423,11.954,11.0
2025-09-23 02:03:16,2025-09-23,02:03:16,756.075,1.245,20.001,11.0
2025-09-23 02:12:11,2025-09-23,02:12:11,694.754,1.299,19.551,11.0
2025-09-23 02:21:07,2025-09-23,02:21:07,653.217,1.179,13.552,11.0
2025-09-23 02:30:05,2025-09-23,02:30:05,582.878,1.255,9.904,11.0
2025-09-23 02:39:05,2025-09-23,02:39:05,595.941,1.159,11.142,11.0
2025-09-23 02:48:06,2025-09-23,02:48:06,552.327,1.184,7.706,11.0
2025-09-23 02:57:00,2025-09-23,02:57:00,569.543,1.012,8.41,11.0
2025-09-23 03:06:01,2025-09-23,03:06:01,593.427,1.09,7.328,11.0
2025-09-23 03:15:05,2025-09-23,03:15:05,602.499,1.212,9.682,11.0
2025-09-23 03:24:02,2025-09-23,03:24:02,630.263,1.107,10.51,11.0
2025-09-23 03:33:09,2025-09-23,03:33:09,786.025,1.117,18.947,11.0
2025-09-23 03:42:12,2025-09-23,03:42:12,688.305,1.24,14.131,11.0
2025-09-23 03:51:15,2025-09-23,03:51:15,770.34,1.547,17.536,11.0
2025-09-23 04:00:10,2025-09-23,04:00:10,620.48,1.524,11.718,11.0
2025-09-23 04:09:11,2025-09-23,04:09:11,632.176,1.292,9.306,11.0
2025-09-23 04:18:08,2025-09-23,04:18:08,697.268,1.243,13.553,11.0
2025-09-23 04:27:04,2025-09-23,04:27:04,574.68,1.176,7.658,11.0
2025-09-23 04:36:02,2025-09-23,04:36:02,605.887,0.99,9.651,11.0
2025-09-23 04:44:59,2025-09-23,04:44:59,533.603,1.474,5.029,11.0
2025-09-23 04:53:58,2025-09-23,04:53:58,599.165,1.1,7.531,11.0
2025-09-23 05:02:59,2025-09-23,05:02:59,610.26,1.155,7.13,11.0
2025-09-23 05:11:57,2025-09-23,05:11:57,593.263,1.284,7.168,11.0
2025-09-23 05:20:56,2025-09-23,05:20:56,504.363,1.419,3.311,11.0
2025-09-23 05:29:58,2025-09-23,05:29:58,609.604,1.069,9.447,11.0
2025-09-23 05:38:55,2025-09-23,05:38:55,599.93,1.246,7.909,11.0
2025-09-23 05:47:51,2025-09-23,05:47:51,687.212,1.469,12.283,11.0
2025-09-23 05:56:47,2025-09-23,05:56:47,679.396,1.36,12.999,11.0
2025-09-23 06:05:45,2025-09-23,06:05:45,705.739,1.295,14.882,11.0
2025-09-23 06:14:39,2025-09-23,06:14:39,649.392,1.214,10.154,11.0
2025-09-23 06:23:42,2025-09-23,06:23:42,669.067,1.509,11.992,11.0
2025-09-23 06:32:38,2025-09-23,06:32:38,612.391,1.202,7.103,11.0
2025-09-23 06:41:38,2025-09-23,06:41:38,734.706,1.542,16.767,11.0
2025-09-23 06:50:34,2025-09-23,06:50:34,752.14,1.417,16.872,11.0
2025-09-23 06:59:32,2025-09-23,06:59:32,834.995,1.592,19.029,11.0
2025-09-23 07:08:41,2025-09-23,07:08:41,797.994,1.369,19.316,11.0
2025-09-23 07:17:43,2025-09-23,07:17:43,655.185,1.383,11.21,11.0
2025-09-23 07:26:46,2025-09-23,07:26:46,663.274,1.249,12.418,11.0
2025-09-23 07:35:47,2025-09-23,07:35:47,514.108,1.618,3.446,11.0
2025-09-23 07:44:45,2025-09-23,07:44:45,687.102,1.283,7.03,11.0
2025-09-23 07:53:39,2025-09-23,07:53:39,690.764,1.377,10.327,11.0
2025-09-23 08:02:43,2025-09-23,08:02:43,716.998,1.536,11.044,11.0
2025-09-23 08:11:41,2025-09-23,08:11:41,583.589,1.931,7.523,11.0
2025-09-23 08:20:41,2025-09-23,08:20:41,533.767,1.598,4.426,11.0
2025-09-23 08:29:40,2025-09-23,08:29:40,571.62,1.77,5.573,11.0
2025-09-23 08:38:45,2025-09-23,08:38:45,556.208,1.904,4.666,11.0
2025-09-23 08:47:45,2025-09-23,08:47:45,513.152,1.62,3.154,11.0
2025-09-23 08:56:39,2025-09-23,08:56:39,532.778,1.587,4.465,11.0
2025-09-23 09:05:42,2025-09-23,09:05:42,527.766,1.691,3.481,11.0
2025-09-23 09:14:44,2025-09-23,09:14:44,540.063,1.629,4.759,11.0
2025-09-23 09:23:42,2025-09-23,09:23:42,536.379,1.802,4.54,11.0
2025-09-23 09:32:42,2025-09-23,09:32:42,533.1,1.742,4.27,11.0
2025-09-23 09:41:39,2025-09-23,09:41:39,513.245,2.097,3.007,11.0
2025-09-23 09:50:44,2025-09-23,09:50:44,570.144,1.851,5.103,11.0
2025-09-23 09:59:44,2025-09-23,09:59:44,574.134,2.744,46.188,11.0
2025-09-23 10:08:46,2025-09-23,10:08:46,559.432,3.178,42.217,11.0
2025-09-23 10:17:48,2025-09-23,10:17:48,639.773,3.734,57.505,11.0
2025-09-23 10:26:48,2025-09-23,10:26:48,765.311,4.302,76.275,11.0
2025-09-23 10:35:48,2025-09-23,10:35:48,749.571,4.528,83.845,11.0
2025-09-23 10:44:48,2025-09-23,10:44:48,586.595,3.165,40.518,11.0
2025-09-23 10:53:51,2025-09-23,10:53:51,545.49,4.225,69.814,11.0
2025-09-23 11:03:00,2025-09-23,11:03:00,570.855,3.636,56.782,11.0
2025-09-23 11:11:56,2025-09-23,11:11:56,551.562,3.039,41.619,11.0
2025-09-23 11:20:58,2025-09-23,11:20:58,544.725,2.366,28.343,11.0
2025-09-23 11:29:58,2025-09-23,11:29:58,550.414,1.922,21.595,11.0
2025-09-23 11:39:05,2025-09-23,11:39:05,549.431,2.286,27.159,11.0
2025-09-23 11:47:58,2025-09-23,11:47:58,553.857,1.705,19.298,11.0
2025-09-23 11:57:00,2025-09-23,11:57:00,568.832,1.859,22.444,11.0
2025-09-23 12:06:01,2025-09-23,12:06:01,556.426,1.791,18.638,11.0
2025-09-23 12:15:03,2025-09-23,12:15:03,544.687,1.755,19.335,11.0
2025-09-23 12:23:58,2025-09-23,12:23:58,557.574,1.792,19.7,11.0
2025-09-23 12:32:59,2025-09-23,12:32:59,554.24,2.006,23.927,11.0
2025-09-23 12:42:01,2025-09-23,12:42:01,537.232,2.185,22.351,11.0
2025-09-23 12:50:59,2025-09-23,12:50:59,549.485,2.444,32.714,11.0
2025-09-23 12:59:55,2025-09-23,12:59:55,549.54,1.893,17.102,11.0
2025-09-23 13:08:55,2025-09-23,13:08:55,611.79,2.141,24.564,11.0
2025-09-23 13:17:59,2025-09-23,13:17:59,581.13,1.921,21.075,11.0
2025-09-23 13:26:56,2025-09-23,13:26:56,632.23,2.473,31.47,11.0
2025-09-23 13:35:58,2025-09-23,13:35:58,605.232,2.096,28.462,11.0
2025-09-23 13:45:01,2025-09-23,13:45:01,556.481,2.049,23.482,11.0
2025-09-23 13:53:56,2025-09-23,13:53:56,539.746,2.424,29.903,11.0
2025-09-23 14:02:57,2025-09-23,14:02:57,606.27,1.771,20.887,11.0
2025-09-23 14:11:56,2025-09-23,14:11:56,538.276,2.129,22.804,11.0
2025-09-23 14:20:56,2025-09-23,14:20:56,632.066,1.983,38.062,11.0
2025-09-23 14:29:54,2025-09-23,14:29:54,556.645,1.933,20.066,11.0
2025-09-23 14:38:56,2025-09-23,14:38:56,555.552,1.716,18.323,11.0
2025-09-23 14:47:55,2025-09-23,14:47:55,550.032,2.114,23.761,11.0
2025-09-23 14:56:48,2025-09-23,14:56:48,572.549,1.54,19.176,11.0
2025-09-23 15:05:43,2025-09-23,15:05:43,600.04,2.107,30.155,11.0
2025-09-23 15:14:39,2025-09-23,15:14:39,550.196,1.427,14.995,11.0
2025-09-23 15:23:41,2025-09-23,15:23:41,553.092,1.242,12.886,11.0
2025-09-23 15:32:34,2025-09-23,15:32:34,541.648,1.251,12.749,11.0
2025-09-23 15:41:35,2025-09-23,15:41:35,617.693,1.268,18.421,11.0
2025-09-23 15:50:30,2025-09-23,15:50:30,584.081,1.379,14.593,11.0
2025-09-23 15:59:24,2025-09-23,15:59:24,571.073,1.349,14.341,11.0
2025-09-23 16:08:19,2025-09-23,16:08:19,668.302,1.555,25.298,11.0
2025-09-23 16:17:12,2025-09-23,16:17:12,680.817,1.514,28.099,11.0
2025-09-23 16:26:08,2025-09-23,16:26:08,625.18,1.949,25.367,11.0
2025-09-23 16:35:11,2025-09-23,16:35:11,588.398,2.056,19.926,11.0
2025-09-23 16:44:07,2025-09-23,16:44:07,567.138,1.327,13.008,11.0
2025-09-23 16:53:01,2025-09-23,16:53:01,560.033,1.296,10.923,11.0
2025-09-23 17:02:07,2025-09-23,17:02:07,588.562,1.31,13.908,11.0
2025-09-23 17:11:05,2025-09-23,17:11:05,564.187,1.371,10.033,11.0
2025-09-23 17:20:12,2025-09-23,17:20:12,582.277,1.287,12.97,11.0
2025-09-23 17:29:13,2025-09-23,17:29:13,593.372,1.223,10.967,11.0
2025-09-23 17:38:10,2025-09-23,17:38:10,624.142,1.295,15.676,11.0
2025-09-23 17:47:13,2025-09-23,17:47:13,625.672,1.575,15.939,11.0
2025-09-23 17:56:06,2025-09-23,17:56:06,625.453,1.443,16.254,11.0
2025-09-23 18:05:07,2025-09-23,18:05:07,697.377,1.568,21.49,11.0
2025-09-23 18:14:08,2025-09-23,18:14:08,702.733,1.627,26.124,11.0
2025-09-23 18:23:07,2025-09-23,18:23:07,579.709,1.248,14.391,11.0
2025-09-23 18:32:04,2025-09-23,18:32:04,614.031,1.261,16.572,11.0
2025-09-23 18:41:12,2025-09-23,18:41:12,580.364,1.241,14.892,11.0
2025-09-23 18:50:20,2025-09-23,18:50:20,608.675,1.64,27.689,11.0
2025-09-23 18:59:22,2025-09-23,18:59:22,599.876,1.212,20.529,11.0
2025-09-23 19:08:16,2025-09-23,19:08:16,608.566,1.371,17.899,11.0
2025-09-23 19:17:20,2025-09-23,19:17:20,611.025,1.519,18.878,11.0
2025-09-23 19:26:20,2025-09-23,19:26:20,598.509,1.17,14.921,11.0
2025-09-23 19:35:24,2025-09-23,19:35:24,630.755,1.346,16.087,11.0
2025-09-23 19:44:25,2025-09-23,19:44:25,605.45,1.164,14.745,11.0
2025-09-23 19:53:28,2025-09-23,19:53:28,607.582,1.351,15.408,11.0
2025-09-23 20:02:31,2025-09-23,20:02:31,613.922,1.389,15.622,11.0
2025-09-23 20:11:32,2025-09-23,20:11:32,600.422,1.442,14.271,11.0
2025-09-23 20:20:31,2025-09-23,20:20:31,624.907,1.164,16.771,11.0
2025-09-23 20:29:31,2025-09-23,20:29:31,626.82,1.156,18.632,11.0
2025-09-23 20:38:33,2025-09-23,20:38:33,624.142,1.223,18.965,11.0
2025-09-23 20:47:33,2025-09-23,20:47:33,610.916,1.254,16.164,11.0
2025-09-23 20:56:29,2025-09-23,20:56:29,643.926,1.164,17.578,11.0
2025-09-23 21:05:26,2025-09-23,21:05:26,658.027,1.454,20.375,11.0
2025-09-23 21:14:32,2025-09-23,21:14:32,639.281,1.298,17.773,11.0
2025-09-23 21:23:36,2025-09-23,21:23:36,626.546,1.217,15.445,11.0
2025-09-23 21:32:37,2025-09-23,21:32:37,586.048,1.26,12.617,11.0
2025-09-23 21:41:40,2025-09-23,21:41:40,604.576,1.256,14.1,11.0
2025-09-23 21:50:40,2025-09-23,21:50:40,617.693,1.333,17.014,11.0
2025-09-23 21:59:43,2025-09-23,21:59:43,632.449,1.126,18.415,11.0
2025-09-23 22:08:46,2025-09-23,22:08:46,636.275,1.188,17.864,11.0
2025-09-23 22:17:49,2025-09-23,22:17:49,591.131,1.346,11.811,11.0
2025-09-23 22:26:45,2025-09-23,22:26:45,596.323,1.481,10.479,11.0
2025-09-23 22:35:46,2025-09-23,22:35:46,566.373,1.152,7.843,11.0
2025-09-23 22:44:43,2025-09-23,22:44:43,577.085,1.254,9.23,11.0
2025-09-23 22:53:39,2025-09-23,22:53:39,592.825,1.227,8.476,11.0
2025-09-23 23:02:38,2025-09-23,23:02:38,631.793,1.104,9.679,11.0
2025-09-23 23:11:36,2025-09-23,23:11:36,607.91,0.844,9.411,11.0
2025-09-23 23:20:29,2025-09-23,23:20:29,591.951,0.911,8.419,11.0
2025-09-23 23:29:23,2025-09-23,23:29:23,553.803,1.156,12.587,11.0
2025-09-23 23:38:20,2025-09-23,23:38:20,581.949,1.059,13.834,11.0
2025-09-23 23:47:16,2025-09-23,23:47:16,612.063,1.102,14.678,11.0
2025-09-23 23:56:09,2025-09-23,23:56:09,641.576,1.017,12.164,11.0
2025-09-24 00:05:06,2025-09-24,00:05:06,642.287,1.01,15.93,11.0
2025-09-24 00:13:58,2025-09-24,00:13:58,599.329,1.072,9.839,11.0
2025-09-24 00:23:02,2025-09-24,00:23:02,590.366,1.04,8.683,11.0
2025-09-24 00:31:54,2025-09-24,00:31:54,615.452,0.911,9.387,11.0
2025-09-24 00:40:48,2025-09-24,00:40:48,637.532,0.788,15.159,11.0
2025-09-24 00:49:50,2025-09-24,00:49:50,681.91,0.804,16.569,11.0
2025-09-24 00:58:51,2025-09-24,00:58:51,690.163,0.98,15.579,11.0
2025-09-24 01:07:54,2025-09-24,01:07:54,625.563,1.06,10.045,11.0
2025-09-24 01:16:50,2025-09-24,01:16:50,621.026,0.919,10.067,11.0
2025-09-24 01:25:47,2025-09-24,01:25:47,616.436,1.304,14.102,11.0
2025-09-24 01:34:47,2025-09-24,01:34:47,600.914,0.988,10.812,11.0
2025-09-24 01:43:50,2025-09-24,01:43:50,938.727,1.143,34.158,11.0
2025-09-24 01:52:54,2025-09-24,01:52:54,862.431,0.986,31.131,11.0
2025-09-24 02:01:58,2025-09-24,02:01:58,730.115,1.638,18.849,11.0
2025-09-24 02:11:01,2025-09-24,02:11:01,573.314,1.472,7.257,11.0
2025-09-24 02:19:59,2025-09-24,02:19:59,621.737,1.261,13.159,11.0
2025-09-24 02:28:58,2025-09-24,02:28:58,681.856,1.139,16.029,11.0
2025-09-24 02:37:57,2025-09-24,02:37:57,708.964,1.016,15.595,11.0
2025-09-24 02:47:02,2025-09-24,02:47:02,677.101,1.146,15.618,11.0
2025-09-24 02:55:58,2025-09-24,02:55:58,558.612,1.196,8.951,11.0
2025-09-24 03:04:53,2025-09-24,03:04:53,623.103,1.184,13.374,11.0
2025-09-24 03:13:52,2025-09-24,03:13:52,685.627,0.979,13.235,11.0
2025-09-24 03:22:50,2025-09-24,03:22:50,654.31,1.108,13.113,11.0
2025-09-24 03:31:53,2025-09-24,03:31:53,560.361,1.033,6.995,11.0
2025-09-24 03:41:01,2025-09-24,03:41:01,641.849,0.794,12.317,11.0
2025-09-24 03:50:02,2025-09-24,03:50:02,679.834,1.072,14.021,11.0
2025-09-24 03:59:03,2025-09-24,03:59:03,688.141,1.126,14.146,11.0
2025-09-24 04:08:05,2025-09-24,04:08:05,661.743,1.244,11.635,11.0
2025-09-24 04:17:03,2025-09-24,04:17:03,681.801,1.269,17.999,11.0
2025-09-24 04:26:06,2025-09-24,04:26:06,622.502,1.205,14.208,11.0
2025-09-24 04:35:16,2025-09-24,04:35:16,663.711,1.132,15.885,11.0
2025-09-24 04:44:07,2025-09-24,04:44:07,625.836,1.118,19.808,11.0
2025-09-24 04:53:04,2025-09-24,04:53:04,638.953,1.2,15.36,11.0
2025-09-24 05:02:00,2025-09-24,05:02:00,627.476,1.434,7.748,11.0
2025-09-24 05:10:52,2025-09-24,05:10:52,616.654,1.167,8.256,11.0
2025-09-24 05:19:47,2025-09-24,05:19:47,574.626,1.203,5.508,11.0
2025-09-24 05:28:49,2025-09-24,05:28:49,599.985,1.085,6.741,11.0
2025-09-24 05:37:54,2025-09-24,05:37:54,549.977,1.122,4.933,11.0
2025-09-24 05:46:54,2025-09-24,05:46:54,555.442,1.025,4.817,11.0
2025-09-24 05:55:46,2025-09-24,05:55:46,602.171,0.932,8.243,11.0
2025-09-24 06:04:43,2025-09-24,06:04:43,609.877,0.914,10.625,11.0
2025-09-24 06:13:34,2025-09-24,06:13:34,597.635,1.313,9.154,11.0
2025-09-24 06:22:30,2025-09-24,06:22:30,600.859,1.211,7.705,11.0
2025-09-24 06:31:25,2025-09-24,06:31:25,599.438,1.258,8.199,11.0
2025-09-24 06:40:32,2025-09-24,06:40:32,751.703,1.051,15.897,11.0
2025-09-24 06:49:29,2025-09-24,06:49:29,651.687,1.164,8.813,11.0
2025-09-24 06:58:24,2025-09-24,06:58:24,585.994,1.379,7.263,11.0
2025-09-24 07:07:15,2025-09-24,07:07:15,537.598,1.328,5.232,11.0
2025-09-24 07:16:12,2025-09-24,07:16:12,521.918,1.194,3.016,11.0
2025-09-24 07:25:05,2025-09-24,07:25:05,661.415,1.016,11.086,11.0
2025-09-24 07:34:09,2025-09-24,07:34:09,609.112,1.013,8.508,11.0
2025-09-24 07:43:11,2025-09-24,07:43:11,593.918,1.169,7.157,11.0
2025-09-24 07:52:05,2025-09-24,07:52:05,605.56,1.305,9.484,11.0
2025-09-24 08:01:10,2025-09-24,08:01:10,607.145,1.195,8.233,11.0
2025-09-24 08:10:14,2025-09-24,08:10:14,564.515,1.546,6,11.0
2025-09-24 08:19:16,2025-09-24,08:19:16,667.591,1.806,12.706,11.0
2025-09-24 08:28:14,2025-09-24,08:28:14,641.358,1.757,11.184,11.0
2025-09-24 08:37:17,2025-09-24,08:37:17,584.955,1.703,9.621,11.0
2025-09-24 08:46:20,2025-09-24,08:46:20,557.793,1.919,6.274,11.0
2025-09-24 08:55:16,2025-09-24,08:55:16,542.675,1.736,6.501,11.0
2025-09-24 09:04:19,2025-09-24,09:04:19,518.579,1.647,3.58,11.0
2025-09-24 09:13:17,2025-09-24,09:13:17,526.05,1.641,3.296,11.0
2025-09-24 09:22:15,2025-09-24,09:22:15,565.061,1.574,7.872,11.0
2025-09-24 09:31:14,2025-09-24,09:31:14,544.807,1.764,5.038,11.0
2025-09-24 09:40:15,2025-09-24,09:40:15,589.874,1.546,12.49,11.0
2025-09-24 09:49:15,2025-09-24,09:49:15,572.33,2.551,43.88,11.0
2025-09-24 09:58:16,2025-09-24,09:58:16,557.082,1.787,28.202,11.0
